RA,Latitude,Longitude,station_long_name,Platform,Operational,station_deployment,RA_Funded,Water_temp,Salinity,Wtr_press,Dew_pt,Rel_hum,Air_temp,Winds,Air_press,Precip,Solar_radn,Visibility,Water_level,Waves,Currents,Turbidity,DO,pCO2_water,pCO2_air,TCO2,pH,OmgArag_st,Chl,Nitrate,CDOM,Alkalinity,Acoustics,Raw_Vars,file
AOOS,71.5997,-161.5054,Chukchi Sea Ecosystem Mooring (CSESM) Array,moored_buoy,Y - but never real time,2014-09-20 00:00:00,Yp,X,X,X,,,,,,,X,,,X,X,,X,X,,,X,,,X,,,X,"sea_water_temperature (35m, 48m, near-bottom), sea_water_electrical_conductivity ( ~35m, ~48m, near-bottom), sea_water_practical_salinity (35m, 48m, near-bottom), current_velocity (3-30 m, 1m bins; near-bottom), sea_surface_wave_significant_height, sea_surface_wave_to_direction, sea_surface_wave_mean_period, nitrate (35m), dissolved_oxygen (35 m), sea_water_pH_reported_on_total_scale (35 m), partial_pressure_of_carbon_dioxide_in_sea_water (35 m), sediment_trap_parameters (38m), fish_and_plankton_acoustic_profile (0.5-30m in 4 cm bins), partical_size_spectra (35 m), sea_water_pressure (35, ~48 m, near bottom), downwelling_photosynthetic_photon_flux_in_sea_water",AOOS.xlsx
AOOS,71.5997,-161.5054,CEO1 (part of the CSEM),moored_buoy,Y - but never real time,2014-09-21 00:00:00,Yp,X,X,X,,,,,,,X,,,,,,,,,,,,,,,,,"sea_water_temperature, sea_water_electrical_conductivity, sea_water_practical_salinity,  sea_water_pressure,  near bottom), downwelling_photosynthetic_photon_flux_in_sea_water",AOOS.xlsx
AOOS,71.5998,-161.5261,CEO2 (part of the CSEM),moored_buoy,Y- but never real time,2015-08-20 00:00:00,Yp,X,X,X,,,,,,,X,,,,,X,X,,,,,,,,,,,"sea_water_temperature, sea_water_electrical_conductivity, sea_water_practical_salinity,  sea_water_turbidity, fluorescence,  fractional_saturation_of_oxygen_in_sea_water,  sea_water_pressure, downwelling_photosynthetic_photon_flux_in_sea_water",AOOS.xlsx
AOOS,59.0142,-148.6902,Gulf of Alaska Ecosystem Observatory-GEO1,moored_buoy,"Y - but not real time at moment, so data not updated as of 12/2019",2019-07-11 00:00:00,Yp,X,X,X,X,X,X,X,X,,X,,,,,,,,,,,,X,,,,,"Real time mooring: 150kHz ADCP (205m), SBE 37 TSP (205m), ITP (Profiling CTD:  sea_water_electrical_conductivity, sea_water_temperature, sea_water_pressure, sea_water_practical_salinity, depth, mass_concentration_of_chlorophyll_in_sea_water, CDOM, OBS, DO, NO3); GPS, wind_speed, wind_from_direction, air_temperature, relative_humidity, dew_point_temperature, air_pressure,  downwelling_photosynthetic_photon_flux_in_sea_water (1m),  mass_concentration_of_chlorophyll_in_sea_water (1m)",AOOS.xlsx
AOOS,59.0165,-148.6966,Gulf of Alaska Ecosystem Observatory-GEO3,moored_buoy,Y - but not real time at moment,2019-07-11 00:00:00,Yp,X,X,,X,X,X,X,X,,X,,,,,,,,,,,,X,,,,,"Real time mooring: GPS, wind_speed, wind_from_direction, air_temperature, relative_humidity, dew_point_temperature, air_pressure, mass_concentration_of_chlorophyll_in_sea_water (5m), sea_water_electrical_conductivity (5m), downwelling_photosynthetic_photon_flux_in_sea_water (5m), sea_water_temperature (5m),  sea_water_practical_salinity (5m)",AOOS.xlsx
AOOS,59.845,-149.466667,Oceanographic Station GAK1,moored_buoy,Y - but no real time,1905-06-20 00:00:00,N,X,X,,,,,,,,,,,,,,,,,,,,,,,,,"NOT REAL TIME: sea_water_temperature (30 m, 60 m, 100 m, 150 m, 200 m, 250 m), sea_water_electrical_conductivity (30 m, 60 m, 100 m, 150 m, 200 m, 250 m), sea_water_salinity (30 m, 60 m, 100 m, 150 m, 200 m, 250 m)",AOOS.xlsx
AOOS,59.85,-149.5,GAKOA-Gulf of Alaska Ocean Acidification Mooring,moored_buoy,Y,2011-05-19 00:00:00,Yp,X,X,,,,,,X,,,,,,,,,X,,,X,,,,,,,"dissolved_carbon_dixoide_ppm, partial_pressure_of_carbon_dioxide_in_sea_water, sea_water_pH, sea_water_temperature, sea_water_salinity, barometric_pressure",AOOS.xlsx
AOOS,56.87,-164.06,M2 - Ocean Acidification Mooring and Ecosytem Observatory,moored_buoy,Y,1905-07-03 00:00:00,Yp,X,X,,,,,,X,,,,,,,,,X,,,X,,,,,,,"dissolved_carbon_dixoide_ppm, partial_pressure_of_carbon_dioxide_in_sea_water , sea_water_pH, sea_water_temperature, sea_water_salinity, barometric_pressure",AOOS.xlsx
AOOS,62.194,-174.688,M8 - Ecosystem Observatory,moored_buoy,Y,intermittantly deployed,Yp,,,,,,,,,,,,,,X,,,,,,,,,,,,,"Physical parameters, but currently also being built out as an ecosystem observatory.",AOOS.xlsx
AOOS,54.1321,-165.7818,"Akutan, Port",fixed,Y,06/14/17; 7/26/2017,Yf,,,,X,X,X,X,X,,,,,,,,,,,,,,,,,,,"dew_point_temperaure, air_temperature, air_pressure, relative_humidity, wind_speed_of_gust, wind_gust_from_direction, wind_speed, wind_from_direction",AOOS.xlsx
AOOS,61.238746,-149.888778,Anchorage Port,fixed,Y,2015-05-05 00:00:00,Yf,,,,X,X,X,X,X,,,,,,,,,,,,,,,,,,,"dew_point_temperaure, air_temperature, air_pressure, relative_humidity, wind_speed_of_gust, wind_gust_from_direction, wind_speed, wind_from_direction",AOOS.xlsx
AOOS,60.7915,-161.7487,Bethel,fixed,Y,2019-12-28 00:00:00,Yp,,,,X,X,X,X,X,,,,,,,,,,,,,,,,,,,"dew_point_temperaure, air_temperature, air_pressure, relative_humidity, wind_speed_of_gust, wind_gust_from_direction, wind_speed, wind_from_direction",AOOS.xlsx
AOOS,56.001483,-134.136,Cape Decision,fixed,Y,2015-05-05 00:00:00,N,,,,X,X,X,X,X,,,,,,,,,,,,,,,,,,,"dew_point_temperaure, air_temperature, air_pressure, relative_humidity, wind_speed_of_gust, wind_gust_from_direction, wind_speed, wind_from_direction",AOOS.xlsx
AOOS,58.1988,-136.6401,Cape Spencer,fixed,Y,2021-06-22 00:00:00,Yf,,,,X,X,X,X,X,,,,,,,,,,,,,,,,,,,"dew_point_temperaure, air_temperature, air_pressure, relative_humidity, wind_speed_of_gust, wind_gust_from_direction, wind_speed, wind_from_direction",AOOS.xlsx
AOOS,53.842909,-166.583242,Captains Bay - Dutch Harbor,fixed,Y,2018-12-12 00:00:00,Yf,,,,X,X,X,X,X,,,,,,,,,,,,,,,,,,,"dew_point_temperaure, air_temperature, air_pressure, relative_humidity, wind_speed_of_gust, wind_gust_from_direction, wind_speed, wind_from_direction",AOOS.xlsx
AOOS,60.542375,-145.765979,Cordova,fixed,Y,2017-07-26 00:00:00,Yf,,,,,,,,,,,,,,,,,,,,,,,,,,,,AOOS.xlsx
AOOS,70.22235,-148.419267,"Deadhorse, Prudhoe Bay",fixed,Y,10/01/15; 9/30/2015,Yf,,,,X,X,X,X,X,,,,,,,,,,,,,,,,,,,"dew_point_temperaure, air_temperature, air_pressure, relative_humidity, wind_speed_of_gust, wind_gust_from_direction, wind_speed, wind_from_direction",AOOS.xlsx
AOOS,53.883648,-166.531315,Dutch Harbor APL,fixed,Y,05/05/15; 4/16/2015,N,,,,X,X,X,X,X,,,,,,,,,,,,,,,,,,,"dew_point_temperaure, air_temperature, air_pressure, relative_humidity, wind_speed_of_gust, wind_gust_from_direction, wind_speed, wind_from_direction",AOOS.xlsx
AOOS,53.8891,-166.54212,Dutch Harbor PilotSta,fixed,Y,2018-12-12 00:00:00,Yp,,,,X,X,X,X,X,,,,,,,,,,,,,,,,,,,"air_temperature, air_pressure, dew_point_temperature, relative_humidity,  wind_speed_of_gust,  wind_gust_from_direction, wind_speed, wind_from_direction",AOOS.xlsx
AOOS,53.902729,-166.5284,Dutch Harbor - Port Office,fixed,Y,07/02/15; 5/5/15,N,,,,X,X,X,X,X,,,,,,,,,,,,,,,,,,,"dew_point_temperaure, air_temperature, air_pressure, relative_humidity, wind_speed_of_gust, wind_gust_from_direction, wind_speed, wind_from_direction",AOOS.xlsx
AOOS,58.971348,-135.220808,Eldred Rock,fixed,Y,2015-05-05 00:00:00,N,,,,X,X,X,X,X,,,,,,,,,,,,,,,,,,,"dew_point_temperaure, air_temperature, air_pressure, relative_humidity, wind_speed_of_gust, wind_gust_from_direction, wind_speed, wind_from_direction",AOOS.xlsx
AOOS,63.776913,-171.71531,"Gambell, St. Lawrence Island",fixed,Y,2019-05-31 00:00:00,Yp,,,,X,X,X,X,X,,,,,,,,,,,,,,,,,,,"dew_point_temperaure, air_temperature, air_pressure, relative_humidity, wind_speed_of_gust, wind_gust_from_direction, wind_speed, wind_from_direction",AOOS.xlsx
AOOS,58.2118,-136.3813,George Island,fixed,Y,2019-12-22 00:00:00,N,,,,X,X,X,X,X,,,,,,,,,,,,,,,,,,,"dew_point_temperaure, air_temperature, air_pressure, relative_humidity, wind_speed_of_gust, wind_gust_from_direction, wind_speed, wind_from_direction",AOOS.xlsx
AOOS,58.0622,-134.0511,Grave Point,fixed,Y,2021-06-04 00:00:00,N,,,,X,X,X,X,X,,,,,,,,,,,,,,,,,,,"dew_point_temperaure, air_temperature, air_pressure, relative_humidity, wind_speed_of_gust, wind_gust_from_direction, wind_speed, wind_from_direction",AOOS.xlsx
AOOS,55.446433,-131.8810333,Guard Island,fixed,Y,2015-05-05 00:00:00,Yf,,,,X,X,X,X,X,,,,,,,,,,,,,,,,,,,"dew_point_temperaure, air_temperature, air_pressure, relative_humidity, wind_speed_of_gust, wind_gust_from_direction, wind_speed, wind_from_direction",AOOS.xlsx
AOOS,58.407733,-135.726317,Gustavus Dock,fixed,Y,9/19/2014; 07/26/2017,Yf,,,,X,X,X,X,X,,,,,,,,,,,,,,,,,,,"dew_point_temperaure, air_temperature, air_pressure, relative_humidity, wind_speed_of_gust, wind_gust_from_direction, wind_speed, wind_from_direction",AOOS.xlsx
AOOS,59.234083,-135.441717,Haines Harbor,fixed,Y,09/01/15; 7/26/2017,Yf,,,,X,X,X,X,X,,,,,,,,,,,,,,,,,,,"dew_point_temperaure, air_temperature, air_pressure, relative_humidity, wind_speed_of_gust, wind_gust_from_direction, wind_speed, wind_from_direction",AOOS.xlsx
AOOS,59.60206,-151.417436,Homer Spit (Homer Port),fixed,Y,2015-05-05 00:00:00,Yf,,,,X,X,X,X,X,,,,,,,,,,,,,,,,,,,"dew_point_temperaure, air_temperature, air_pressure, relative_humidity, wind_speed_of_gust, wind_gust_from_direction, wind_speed, wind_from_direction",AOOS.xlsx
AOOS,59.92345,-141.358617,Icy Bay,fixed,Y,2015-05-05 00:00:00,N,,,,X,X,X,X,X,,,,,,,,,,,,,,,,,,,"dew_point_temperaure, air_temperature, air_pressure, relative_humidity, wind_speed_of_gust, wind_gust_from_direction, wind_speed, wind_from_direction",AOOS.xlsx
AOOS,58.285547,-134.389863,Juneau AML,fixed,Y,2015-05-05 00:00:00,Yf,,,,X,X,X,X,X,,,,,,,,,,,,,,,,,,,"dew_point_temperaure, air_temperature, air_pressure, relative_humidity, wind_speed_of_gust, wind_gust_from_direction, wind_speed, wind_from_direction",AOOS.xlsx
AOOS,58.287244,-134.397994,Juneau AJ Dock,fixed,Y,2017-07-26 00:00:00,N,,,,X,X,X,X,X,,,,,,,,,,,,,,,,,,,"dew_point_temperaure, air_temperature, air_pressure, relative_humidity, wind_speed_of_gust, wind_gust_from_direction, wind_speed, wind_from_direction",AOOS.xlsx
AOOS,58.290687,-134.393968,Juneau ANG Dock,fixed,Y,2017-07-26 00:00:00,N,,,,X,X,X,X,X,,,,,,,,,,,,,,,,,,,"dew_point_temperaure, air_temperature, air_pressure, relative_humidity, wind_speed_of_gust, wind_gust_from_direction, wind_speed, wind_from_direction",AOOS.xlsx
AOOS,58.298233,-134.404517,Juneau Library,fixed,Y,2017-07-26 00:00:00,N,,,,X,X,X,X,X,,,,,,,,,,,,,,,,,,,"dew_point_temperaure, air_temperature, air_pressure, relative_humidity, wind_speed_of_gust, wind_gust_from_direction, wind_speed, wind_from_direction",AOOS.xlsx
AOOS,60.531856,-151.253022,Kenai,fixed,Y,2015-05-05 00:00:00,Yf,,,,X,X,X,X,X,,,,,,,,,,,,,,,,,,,"dew_point_temperaure, air_temperature, air_pressure, relative_humidity, wind_speed_of_gust, wind_gust_from_direction, wind_speed, wind_from_direction",AOOS.xlsx
AOOS,55.3516,-131.6839,Ketichikan Harbor,fixed,Y,2015-05-05 00:00:00,Yf,,,,X,X,X,X,X,,,,,,,,,,,,,,,,,,,"dew_point_temperaure, air_temperature, air_pressure, relative_humidity, wind_speed_of_gust, wind_gust_from_direction, wind_speed, wind_from_direction",AOOS.xlsx
AOOS,55.3395,-131.644231,"Ketchikan, Salmon Landing",fixed,Y,2017-07-28 00:00:00,Yf,,,,X,X,X,X,X,,,,,,,,,,,,,,,,,,,"dew_point_temperaure, air_temperature, air_pressure, relative_humidity, wind_speed_of_gust, wind_gust_from_direction, wind_speed, wind_from_direction",AOOS.xlsx
AOOS,55.0566,-162.3263,King Cove,fixed,Y,2023-04-20 00:00:00,Yp,,,,X,X,X,X,X,,,,,,,,,,,,,,,,,,,"dew_point_temperaure, air_temperature, air_pressure, relative_humidity, wind_speed_of_gust, wind_gust_from_direction, wind_speed, wind_from_direction",AOOS.xlsx
AOOS,57.777316,-152.42522,"Kodiak, Gull Island",fixed,N,5/24/2016; 12/12/18,Yf,,,,X,X,X,X,X,,,,,,,,,,,,,,,,,,,"dew_point_temperaure, air_temperature, air_pressure, relative_humidity, wind_speed_of_gust, wind_gust_from_direction, wind_speed, wind_from_direction",AOOS.xlsx
AOOS,57.7821,-152.4338,Kodiak Matson Crane,fixed,Y,2021-01-28 00:00:00,N,,,,X,X,X,X,X,,,,,,,,,,,,,,,,,,,"dew_point_temperaure, air_temperature, air_pressure, relative_humidity, wind_speed_of_gust, wind_gust_from_direction, wind_speed, wind_from_direction",AOOS.xlsx
AOOS,66.9009,-162.5895,"Kotzebue Sound, AK",fixed,Y,2023-02-28 00:00:00,,,,,X,X,X,X,X,,,,,,,,,,,,,,,,,,,"dew_point_temperaure, air_temperature, air_pressure, relative_humidity, wind_speed_of_gust, wind_gust_from_direction, wind_speed, wind_from_direction",AOOS.xlsx
AOOS,58.54002,-135.047064,Little Island,fixed,Y,2015-05-05 00:00:00,Yf,,,,X,X,X,X,X,,,,,,,,,,,,,,,,,,,"dew_point_temperaure, air_temperature, air_pressure, relative_humidity, wind_speed_of_gust, wind_gust_from_direction, wind_speed, wind_from_direction",AOOS.xlsx
AOOS,58.1983999,-134.256767,Marmion Island,fixed,Y,2015-05-15 00:00:00,Yf,,,,X,X,X,X,X,,,,,,,,,,,,,,,,,,,"dew_point_temperaure, air_temperature, air_pressure, relative_humidity, wind_speed_of_gust, wind_gust_from_direction, wind_speed, wind_from_direction",AOOS.xlsx
AOOS,55.099116,-131.182097,Mary Island,fixed,Y,2015-05-05 00:00:00,N,,,,X,X,X,X,X,,,,,,,,,,,,,,,,,,,"dew_point_temperaure, air_temperature, air_pressure, relative_humidity, wind_speed_of_gust, wind_gust_from_direction, wind_speed, wind_from_direction",AOOS.xlsx
AOOS,58.3641,-134.605917,Mendenhall Valley,fixed,Y,2015-05-05 00:00:00,N,,,,X,X,X,X,X,,,,,,,,,,,,,,,,,,,"dew_point_temperaure, air_temperature, air_pressure, relative_humidity, wind_speed_of_gust, wind_gust_from_direction, wind_speed, wind_from_direction",AOOS.xlsx
AOOS,59.437667,-146.327533,Middleton Island,fixed,Y,2015-09-30 00:00:00,Yf,,,,,,,,,,,,,,,,,,,,,,,,,,,,AOOS.xlsx
AOOS,57.8368,-133.8141,Midway Island,fixed,Y,2021-06-07 00:00:00,Yf,,,,X,X,X,X,X,,,,,,,,,,,,,,,,,,,"dew_point_temperaure, air_temperature, air_pressure, relative_humidity, wind_speed_of_gust, wind_gust_from_direction, wind_speed, wind_from_direction",AOOS.xlsx
AOOS,58.301433,-134.42585,MXAK Office,fixed,Y,2015-05-05 00:00:00,N,,,,X,X,X,X,X,,,,,,,,,,,,,,,,,,,"dew_point_temperaure, air_temperature, air_pressure, relative_humidity, wind_speed_of_gust, wind_gust_from_direction, wind_speed, wind_from_direction",AOOS.xlsx
AOOS,58.255308,-134.945049,Naked Island,fixed,Y,2015-05-05 00:00:00,Yf,,,,X,X,X,X,X,,,,,,,,,,,,,,,,,,,"dew_point_temperaure, air_temperature, air_pressure, relative_humidity, wind_speed_of_gust, wind_gust_from_direction, wind_speed, wind_from_direction",AOOS.xlsx
AOOS,56.005,-161.1772,Nelson Lagoon,fixed,Y,2021-01-21 00:00:00,N,,,,X,X,X,X,X,,,,,,,,,,,,,,,,,,,"dew_point_temperaure, air_temperature, air_pressure, relative_humidity, wind_speed_of_gust, wind_gust_from_direction, wind_speed, wind_from_direction",AOOS.xlsx
AOOS,60.739666,-151.31045,Nikiski,fixed,Y,2015-05-05 00:00:00,Yf,,,,X,X,X,X,X,,,,,,,,,,,,,,,,,,,"dew_point_temperaure, air_temperature, air_pressure, relative_humidity, wind_speed_of_gust, wind_gust_from_direction, wind_speed, wind_from_direction",AOOS.xlsx
AOOS,52.97215,-168.855417,Nikolski White Alice,fixed,Y,2015-05-05 00:00:00,N,,,,X,X,X,X,X,,,,,,,,,,,,,,,,,,,"dew_point_temperaure, air_temperature, air_pressure, relative_humidity, wind_speed_of_gust, wind_gust_from_direction, wind_speed, wind_from_direction",AOOS.xlsx
AOOS,64.494037,-165.440035,"Nome WX, Port Breakwater",fixed,Y,2017-07-26 00:00:00,Yf,,,,X,X,X,X,X,,,,,,,,,,,,,,,,,,,"dew_point_temperaure, air_temperature, air_pressure, relative_humidity, wind_speed_of_gust, wind_gust_from_direction, wind_speed, wind_from_direction",AOOS.xlsx
AOOS,57.9578,-136.2266,"Pelican, AK",fixed,Y,2022-08-09 00:00:00,Yf,,,,X,X,X,X,X,,,,,,,,,,,,,,,,,,,"dew_point_temperaure, air_temperature, air_pressure, relative_humidity, wind_speed_of_gust, wind_gust_from_direction, wind_speed, wind_from_direction",AOOS.xlsx
AOOS,58.1953,-134.178,"Point Arden, AK",fixed,Y,2018-12-12 00:00:00,N,,,,,X,X,X,X,,,,,,,,,,,,,,,,,,,"air_temperature, air_pressure, relative_humidity,  wind_speed, wind_from_direction, battery_voltage",AOOS.xlsx
AOOS,57.4633,-134.8666,"Point Craven, AK",fixed,Y,2023-05-10 00:00:00,Yf,,,,X,X,X,X,X,,,,,,,,,,,,,,,,,,,"dew_point_temperaure, air_temperature, air_pressure, relative_humidity, wind_speed_of_gust, wind_gust_from_direction, wind_speed, wind_from_direction",AOOS.xlsx
AOOS,57.015542,-134.618333,Point Gardner ,fixed,Y,5/22/2017; 07/26/2017,Yf,,,,X,X,X,X,X,,,,,,,,,,,,,,,,,,,"dew_point_temperaure, air_temperature, air_pressure, relative_humidity, wind_speed_of_gust, wind_gust_from_direction, wind_speed, wind_from_direction",AOOS.xlsx
AOOS,60.8008,-148.3571,"Point Pigot, AK",fixed,Y,2022-08-09 00:00:00,Yf,,,,X,X,X,X,X,,,,,,,,,,,,,,,,,,,"dew_point_temperaure, air_temperature, air_pressure, relative_humidity, wind_speed_of_gust, wind_gust_from_direction, wind_speed, wind_from_direction",AOOS.xlsx
AOOS,58.3464,-134.752283,Portland Island,fixed,Y,2015-05-05 00:00:00,Yf,,,,X,X,X,X,X,,,,,,,,,,,,,,,,,,,"dew_point_temperaure, air_temperature, air_pressure, relative_humidity, wind_speed_of_gust, wind_gust_from_direction, wind_speed, wind_from_direction",AOOS.xlsx
AOOS,58.177057,-135.051541,Rocky Island,fixed,Y,2015-05-05 00:00:00,Yf,,,,X,X,X,X,X,,,,,,,,,,,,,,,,,,,"dew_point_temperaure, air_temperature, air_pressure, relative_humidity, wind_speed_of_gust, wind_gust_from_direction, wind_speed, wind_from_direction",AOOS.xlsx
AOOS,63.692645,-170.492243,"Savoonga, St. Lawrence Island",fixed,Y,2019-05-31 00:00:00,Yp,,,,X,X,X,X,X,,,,,,,,,,,,,,,,,,,"dew_point_temperaure, air_temperature, air_pressure, relative_humidity, wind_speed_of_gust, wind_gust_from_direction, wind_speed, wind_from_direction",AOOS.xlsx
AOOS,55.3146,-131.5962,Saxman Seaport (SAXMAN LANDING),fixed,Y,2021-01-28 00:00:00,Y,,,,X,X,X,X,X,,,,,,,,,,,,,,,,,,,"dew_point_temperaure, air_temperature, air_pressure, relative_humidity, wind_speed_of_gust, wind_gust_from_direction, wind_speed, wind_from_direction",AOOS.xlsx
AOOS,58.204728,-134.645772,Scull Island,fixed,Y,2015-05-05 00:00:00,Yf,,,,X,X,X,X,X,,,,,,,,,,,,,,,,,,,"dew_point_temperaure, air_temperature, air_pressure, relative_humidity, wind_speed_of_gust, wind_gust_from_direction, wind_speed, wind_from_direction",AOOS.xlsx
AOOS,60.115578,-149.434214,Seward Harbor,fixed,Y,06/06/16; 7/26/2017,Yf,,,,X,X,X,X,X,,,,,,,,,,,,,,,,,,,"dew_point_temperaure, air_temperature, air_pressure, relative_humidity, wind_speed_of_gust, wind_gust_from_direction, wind_speed, wind_from_direction",AOOS.xlsx
AOOS,53.5989,-132.2032,Ship Island,fixed,Y,2019-12-22 00:00:00,Yp,,,,X,X,X,X,X,,,,,,,,,,,,,,,,,,,"air_temperature, air_pressure, dew_point_temperature, relative_humidity,  wind_speed_of_gust,  wind_gust_from_direction, wind_speed, wind_from_direction",AOOS.xlsx
AOOS,57.116326,-135.390701,Sitka AML,fixed,Y,04/08/16; 7/26/2017,Yf,,,,X,X,X,X,X,,,,,,,,,,,,,,,,,,,"dew_point_temperaure, air_temperature, air_pressure, relative_humidity, wind_speed_of_gust, wind_gust_from_direction, wind_speed, wind_from_direction",AOOS.xlsx
AOOS,57.055488,-135.349431,Sitka Harbor,fixed,Y,04/27/16; 7/26/2017,Yf,,,,X,X,X,X,X,,,,,,,,,,,,,,,,,,,"dew_point_temperaure, air_temperature, air_pressure, relative_humidity, wind_speed_of_gust, wind_gust_from_direction, wind_speed, wind_from_direction",AOOS.xlsx
AOOS,59.448383,-135.326367,"Skagway, AK (Skagway Port)",fixed,Y,02/02/16; 7/26/2017,Yf,,,,X,X,X,X,X,,,,,,,,,,,,,,,,,,,"dew_point_temperaure, air_temperature, air_pressure, relative_humidity, wind_speed_of_gust, wind_gust_from_direction, wind_speed, wind_from_direction",AOOS.xlsx
AOOS,56.5995,-169.5416,"St George (Pribilof Islands), AK",fixed,Y,2022-09-09 00:00:00,Yf,,,,X,X,X,X,X,,,,,,,,,,,,,,,,,,,"dew_point_temperaure, air_temperature, air_pressure, relative_humidity, wind_speed_of_gust, wind_gust_from_direction, wind_speed, wind_from_direction",AOOS.xlsx
AOOS,57.1235,-170.2708,"St Paul (Pribilof Islands), AK",fixed,Y,2022-09-09 00:00:00,Yf,,,,X,X,X,X,X,,,,,,,,,,,,,,,,,,,"dew_point_temperaure, air_temperature, air_pressure, relative_humidity, wind_speed_of_gust, wind_gust_from_direction, wind_speed, wind_from_direction",AOOS.xlsx
AOOS,59.383,-134.6519,Statter Harbor,fixed,Y,2023-02-28 00:00:00,Yf,,,,X,X,X,X,X,,,,,,,,,,,,,,,,,,,"dew_point_temperaure, air_temperature, air_pressure, relative_humidity, wind_speed_of_gust, wind_gust_from_direction, wind_speed, wind_from_direction",AOOS.xlsx
AOOS,57.779208,-135.219228,Tenakee Springs,fixed,Y,2015-05-05 00:00:00,Yf,,,,X,X,X,X,X,,,,,,,,,,,,,,,,,,,"dew_point_temperaure, air_temperature, air_pressure, relative_humidity, wind_speed_of_gust, wind_gust_from_direction, wind_speed, wind_from_direction",AOOS.xlsx
AOOS,59.0551,-160.3336,"Tokiak, AK",fixed,Y,2023-11-16 00:00:00,Yp,,,,X,X,X,X,X,,,,,,,,,,,,,,,,,,,"dew_point_temperaure, air_temperature, air_pressure, relative_humidity, wind_speed_of_gust, wind_gust_from_direction, wind_speed, wind_from_direction",AOOS.xlsx
AOOS,71.314869,-156.72177,Utqiagvik (Barrow),fixed,Y,2015-05-05 00:00:00,Yf,,,,X,X,X,X,X,,,,,,,,,,,,,,,,,,,"dew_point_temperaure, air_temperature, air_pressure, relative_humidity, wind_speed_of_gust, wind_gust_from_direction, wind_speed, wind_from_direction",AOOS.xlsx
AOOS,61.12706,-146.343876,Valdez Port,fixed,Y,2017-07-26 00:00:00,Yf,,,,,,,,,,,,,,,,,,,,,,,,,,,,AOOS.xlsx
AOOS,70.636261,-160.033703,Wainwright,fixed,Y,08/01/18; 12/12/2018,Yf,,,,X,X,X,X,X,,,,,,,,,,,,,,,,,,,"dew_point_temperaure, air_temperature, air_pressure, relative_humidity, wind_speed_of_gust, wind_gust_from_direction, wind_speed, wind_from_direction",AOOS.xlsx
AOOS,55.401833,-131.7293,Ward Cove,fixed,Y,12/5/2021 data starts,Yf,,,,X,X,X,X,X,,,,,,,,,,,,,,,,,,,"dew_point_temperaure, air_temperature, air_pressure, relative_humidity, wind_speed_of_gust, wind_gust_from_direction, wind_speed, wind_from_direction",AOOS.xlsx
AOOS,60.77673,-148.682278,"Whittier, AMHS ",fixed,Y,05/09/17; 7/26/2017,Yf,,,,X,X,X,X,X,,,,,,,,,,,,,,,,,,,"dew_point_temperaure, air_temperature, air_pressure, relative_humidity, wind_speed_of_gust, wind_gust_from_direction, wind_speed, wind_from_direction",AOOS.xlsx
AOOS,56.4667,-132.3821,"Wrangle Harbor (D Float), AK",fixed,Y,2023-02-28 00:00:00,Yp,,,,X,X,X,X,X,,,,,,,,,,,,,,,,,,,"dew_point_temperaure, air_temperature, air_pressure, relative_humidity, wind_speed_of_gust, wind_gust_from_direction, wind_speed, wind_from_direction",AOOS.xlsx
AOOS,59.5973,-151.8291,"Lower Cook Inlet, AK CDIP Wave Buoy 204",wave_buoy,Y,2015-04-13 00:00:00,YP,X,,,,,,,,,,,,X,,,,,,,,,,,,,,"sea_surface_wave_to_direction, sea_surface_wave_mean_period,  sea_surface_wave_significant_height,  sea_surface_dominant_wave_period, sea_water_temperature",AOOS.xlsx
AOOS,60.9694,-149.0966,Alyeska Resort Base,fixed,y,5/5/2015; 8/3/16,N,,,,,X,X,,,,,,,,,,,,,,,,,,,,,"air_temperature, relative_humidity, preciptation_increment ",AOOS.xlsx
AOOS,60.9483,-149.0871,Alyeska Resort Max's Mountain,fixed,y,2015-05-05 00:00:00,N,,,,,X,X,X,,,,,,,,,,,,,,,,,,,,"air_temperature, relative_humidity,  wind_speed, wind_from_direction, wind_speed_of_gust",AOOS.xlsx
AOOS,60.9724,-149.0819,"Alyeska Resort, Mid Mountain",fixed,y,5/5/2015; 08/31/16,N,,,,,X,X,,,,,,,,,,,,,,,,,,,,,"air_temperature, relative_humidity, preciptation_increment, surface_snow_thickness",AOOS.xlsx
AOOS,60.9568,-149.0611,Alyeska Resort Summit,fixed,y,2015-05-05 00:00:00,N,,,,,X,X,X,,,X,,,,,,,,,,,,,,,,,"air_temperature, relative_humidity, solar_radiation, wind_speed, wind_from_direction, wind_speed_of_gust",AOOS.xlsx
AOOS,60.9628,-149.0707,"Alyeska Resort, Top of Glacier Bowl Express",fixed,y,2015-05-05 00:00:00,N,,,,,,X,X,,X,,,,,,,,,,,,,,,,,,"air_temperature, precipitation_increment, winds_speed, wind_from_direction, wind_speed_of_gust",AOOS.xlsx
AOOS,60.6872,-149.0603,"Alaska Railroad Tunnel near Spencer Glacier, AK",fixed,Y,2016-08-22 00:00:00,N,,,,,,X,X,,X,,,,,,,,,,,,,,,,,,"lwe_precipitation_rate, thickness_of_snowfall_amount, surface_snow_thickness, air_temperature, wind_speed_of_gust, wind_speed, wind_from_direction",AOOS.xlsx
AOOS,60.6188,-149.1503,"Mile 43 Peak, Alaska Railroad, AK",fixed,Y,2026-08-31 00:00:00,N,,,,,X,X,X,,,,,,,,,,,,,,,,,,,,"relative_humidity, air_temperature, wind_speed_of_gust, wind_speed, wind_from_direction",AOOS.xlsx
AOOS,60.4858,-149.3667,"Moose Pass, AK",fixed,Y,2026-08-31 00:00:00,N,,,,,,X,X,,X,,,,,,,,,,,,,,,,,,"lwe_precipitation_rate, thickness_of_snowfall_amount, surface_snow_thickness, air_temperature, wind_speed_of_gust, wind_speed, wind_from_direction",AOOS.xlsx
AOOS,60.8411,-148.9824,"Portage, AK",fixed,Y,2016-08-31 00:00:00,N,,,,,,X,X,,X,,,,,,,,,,,,,,,,,,"lwe_precipitation_rate, thickness_of_snowfall_amount, surface_snow_thickness, air_temperature, wind_speed_of_gust, wind_speed, wind_from_direction",AOOS.xlsx
AOOS,57.79,-152.41,"Kodiak Burke-o-Lator, Kodiak, AK",fixed,Y,2022-10-01 00:00:00,Yp,X,X,,,,,,,,,,,,,,,X,,X,X,X,,,,X,,"dissolved_carbon_dioxide_co2, pco2, omega_aragonite, sea_water_temperature, sea_water_practical_salinity, sea_water_ph_reported_on_total_scale, sea_water_alkalinity_expressed_as_mole_equivalent",AOOS.xlsx
AOOS,57.0526,-135.3456,Sitka Burke-o-Lator,fixed,Y,2017-06-27 00:00:00,Yp,X,X,,,,,,,,,,,,,,,X,,X,X,X,,,,X,,"dissolved_carbon_dioxide_co2, pco2, omega_aragonite, sea_water_temperature, sea_water_practical_salinity, sea_water_ph_reported_on_total_scale, sea_water_alkalinity_expressed_as_mole_equivalent",AOOS.xlsx
AOOS,50.116,-125.222,"Hyacinthe Bay, BC Buke-o-Lator",fixed,Y,2018-06-30 00:00:00,N,X,X,,,,,,,,,,,,,,,X,,X,X,X,,,,X,,"dissolved_carbon_dioxide_co2, pco2, omega_aragonite, sea_water_temperature, sea_water_practical_salinity, sea_water_ph_reported_on_total_scale, sea_water_alkalinity_expressed_as_mole_equivalent",AOOS.xlsx
AOOS,61.1317,-148.1233,Barry Arm East,fixed,Y,2021-09-08 00:00:00,N,,,,X,X,X,X,,X,,,,,,,,,,,,,,,,,,"dew_point_temperature, relative_humidity, lwe_thickness_of_precipitation_amount,  air_temperature, wind_speed_15_minute_average,  wind_speed_instantaneous, wind_from_direction, atmosphere_net_rate_of_absorption_of_energy",AOOS.xlsx
AOOS,61.1418,-148.1749,Barry Arm West,fixed,Y,2021-09-04 00:00:00,N,,,,X,X,X,X,,X,,,,,,,,,,,,,,,,,,"dew_point_temperature, relative_humidity, lwe_thickness_of_precipitation_amount,  air_temperature, wind_speed_15_minute_average,  wind_speed_instantaneous, wind_from_direction, atmosphere_net_rate_of_absorption_of_energy",AOOS.xlsx
AOOS,57.0891,-135.344,"Harbor Mountain, SE Alaska",fixed,Y,2019-06-20 00:00:00,N,,,,,X,X,X,X,X,,,,,,,,,,,,,,,,,,"air_pressure, relative_humidity, lwe_thickness_of_precipitation_amount, surface_snow_thickness, soil_moisture_percent, air_temperature, wind_speed, wind_from_direction ",AOOS.xlsx
AOOS,61.0288,-148.2342,Mt. Doran ,fixed,Y,2021-08-04 00:00:00,N,,,,X,X,X,X,,,,,,,,,,,,,,,,,,,,"dew_point_temperature, relative_humidity, air_temperature, wind_speed_15_minute_average, wind_speed_15_minute_max, wind_speed_instantaneous, wind_from_direction_instantaneous, ",AOOS.xlsx
AOOS,59.2156,-135.4114,Mount Riley,fixed,Y,2021-06-24 00:00:00,N,,,,,X,X,X,X,X,X,,,X,,,,,,,,,,,,,,"air_pressure, lwe_water_evaporation_rate, relative_humidity, panel_temperature, lwe_thickness_of_precipitation_amount, surface_albedo, longwave_radiation_incoming,  longwave_radiation_outgoing, atmosphere_net_rate_of_absorption_of_energy, short_wave_radiation_incoming, short_wave_radiation_outgoing, solar_irradiance_clear_sky, surface_snow_thickness, soil_moisture_percent, air_temperature, soil_temperature, wind_speed_15_minute_average, wind_speed_15_minute_max, wind_speed, wind_from_direction",AOOS.xlsx
AOOS,69.6836,-145.1361,Scott Glacier,fixed,Y,2015-02-04 00:00:00,N,,,,,X,X,,X,,X,,,,,,,,,,,,,,,,,"air_pressure, relative_humidity, solar_irradiance_in, solar_irradiance_out, air_temperature, air_temperature_secondary",AOOS.xlsx
AOOS,59.3986,-135.813,Takshanuk Mountains,fixed,Y,2016-08-07 00:00:00,N,,,,X,X,X,X,,X,,,,,,,,,,,,,,,,,,"dew_point_temperature, relative_humidity, lwe_thickness_of_precipitation_amount,  soil_moisture_percent, air_temperature, soil_temperature,  wind_speed, wind_from_direction",AOOS.xlsx
AOOS,58.19884,-136.64081,"Cape Spencer, AK",fixed,Y,05/22/2007 (station install date); 04/26/21 (start of water level data conversion),"N (install, OnM);  Y  (AOOS paid for conversion of GNSS-R data for Water Level)",,,,,,,,,,,,X,,,,,,,,,,,,,,,sea_surface_height_above_sea_level,AOOS.xlsx
AOOS,59.5727,-151.2722,"Peterson Bay, AK",fixed,Y,12/31/2016 (first data available date),"N (install, OnM); Y (AOOS is paying JOA Surveys for conversion and providing real time GNSS-R converted water level data)",,,,,,,,,,,,X,,,,,,,,,,,,,,,sea_surface_height_above_sea_level,AOOS.xlsx
AOOS,63.484,-162.0064,"St. Michaels Bay, AK",fixed,Y,05/26/2018 (station install date); 04/27/21 (start of water level data conversion) ,Yf (AOOS funded the installation); Yp UNAVCO is payin for data filtration costs,,,,,,,,,,,,X,,,,,,,,,,,,,,,sea_surface_height_above_sea_level,AOOS.xlsx
AOOS,71.315,-156.7216,"Utqiagvik, AK",fixed,Y,2021-09-28 00:00:00,Yf,,,,,,,,,,,,X,,,,,,,,,,,,,,,sea_surface_height_above_sea_level,AOOS.xlsx
AOOS,58.4551,-135.8885,"Bartlett Cove, AK",fixed,Y,05/19/2022; 8/9/2023 (data to AOOS Portal),N,,,,,,,,,,,,X,,,,,,,,,,,,,,,sea_surface_height_above_sea_level,AOOS.xlsx
AOOS,60.793333,-161.745556,Kuskokwim River at Bethel,fixed,Y,2015-05-15 00:00:00,Yp,,,,,,,,,,,,X,,,,,,,,,,,,,,,"height, water_surface_height_above_reference_datum",AOOS.xlsx
AOOS,66.074595,-162.721484,"Deering, Alaska, Water Level",fixed,Y,Original 09/06/2018; Reinstalled June 2021,Yp,,,,,,,,,,,,X,,,,,,,,,,,,,,,sea_surface_height_above_sea_level,AOOS.xlsx
AOOS,59.0375,-158.4651,Dillingham Watere Level Gauge 1 (Bubbler),fixed,Y,2022-03-08 00:00:00,Yf,,,,,,,,,,,,X,,,,,,,,,,,,,,,sea_surface_height_above_sea_level,AOOS.xlsx
AOOS,59.0375,-158.4651,Dillingham Water Level Gauge 2 (Radar),fixed,Y,2022-03-28 00:00:00,Yf,,,,,,,,,,,,X,,,,,,,,,,,,,,,sea_surface_height_above_sea_level,AOOS.xlsx
AOOS,59.6055,-151.4221,"Homer Ramp 8, Alaska, Water Level",fixed,Y,2020-07-23 00:00:00,Yp,,,,,,,,,,,,X,,,,,,,,,,,,,,,sea_surface_height_above_sea_level,AOOS.xlsx
AOOS,59.939,-164.0371,"Kipnuk, Alaska, Water Level",fixed,Y,2022-06-20 00:00:00,Yp,,,,,,,,,,,,X,,,,,,,,,,,,,,,sea_surface_height_above_sea_level,AOOS.xlsx
AOOS,67.7308,-164.5434,"Kivalina, Alaska, Water Level",fixed,Y,2022-06-02 00:00:00,Yp,,,,,,,,,,,,X,,,,,,,,,,,,,,,sea_surface_height_above_sea_level,AOOS.xlsx
AOOS,66.895035,-162.56675,"Kotzebue, Alaska, Water Level",fixed,Y,9/5/2018. Re-installed June 2021; Redeployed June 2022.,Yp,,,,,,,,,,,,X,,,,,,,,,,,,,,,sea_surface_height_above_sea_level,AOOS.xlsx
AOOS,59.8798,-163.1663,"Kwigillingok, Alaska, Water Level",fixed,Y,2021-08-08 00:00:00,Yp,,,,,,,,,,,,X,,,,,,,,,,,,,,,sea_surface_height_above_sea_level,AOOS.xlsx
AOOS,58.7321,-156.9833,"Naknek, AK",fixed,Y,2019-07-15 00:00:00,Yf,,,,,,,,,,,,X,,,,,,,,,,,,,,,sea_surface_height_above_sea_level,AOOS.xlsx
AOOS,56.0041,-161.1751,"Nelson Lagoon, Alaska,, Water Level",fixed,Y,2019-05-01 00:00:00,Yp,,,,,,,,,,,,X,,,,,,,,,,,,,,,sea_surface_height_above_sea_level,AOOS.xlsx
AOOS,60.5782,-165.2692,Tununak at Tununak,fixed,Y,5/5/2015; 09/13/2022,Yp,,,,,,,,,,,,X,,,,,,,,,,,,,,,"height, water_surface_height_above_reference_datum",AOOS.xlsx
AOOS,60.7774,-148.6924,"Passage Canal 1 N Whittier, AK, Tidal Gage",fixed,Y,deployed Spring 2022; data 11/25/2022,Yp,,,,,,,,,,,,X,,,,,,,,,,,,,,,sea_surface_height_above_sea_level,AOOS.xlsx
AOOS,60.805,-148.085,"Esther Island, SNOTEL STATION",fixed,Y,2004-10-01 00:00:00,Yp,,,,,,X,X,X,X,X,,,,,,,,,,,,,,,,,"battery_voltage, air_temperature, solar_radiation, air_pressure, wind_speed, wind_speed_of_gust, wind_from_direction, lwe_thickness_of_precipitation_amount, surface_snow_thickness",AOOS.xlsx
AOOS,60.555,-145.745,"Mt Eyak, SNOTEL STATION",fixed,Y,2004-10-01 00:00:00,Yp,,,,,,X,X,X,X,X,,,,,,,,,,,,,,,,,"battery_voltage, air_temperature, solar_radiation, air_pressure, wind_speed, wind_speed_of_gust, wind_from_direction, lwe_thickness_of_precipitation_amount, surface_snow_thickness, snow_water_equivalent",AOOS.xlsx
AOOS,60.335,-146.665,"Nuchek, SNOTEL STATION (on McNeil River)",fixed,Y,2004-10-01 00:00:00,Yp,,,,,,X,X,X,X,X,,,,,,,,,,,,,,,,,"battery_voltage, air_temperature, solar_radiation, air_pressure, wind_speed, wind_speed_of_gust, wind_from_direction, lwe_thickness_of_precipitation_amount",AOOS.xlsx
AOOS,60.055,-148.065,"Port San Juan, SNOTEL STATION",fixed,Y,2004-10-01 00:00:00,Yp,,,,,,X,X,X,X,X,,,,,,,,,,,,,,,,,"battery_voltage, air_temperature, solar_radiation, air_pressure, wind_speed, wind_speed_of_gust, wind_from_direction, lwe_thickness_of_precipitation_amount",AOOS.xlsx
AOOS,60.875,-146.675,"Tatitlek, SNOTEL STATION",fixed,Y,2004-10-01 00:00:00,Yp,,,,,,X,X,X,X,X,,,,,,,,,,,,,,,,,"battery_voltage, air_temperature, solar_radiation, air_pressure, wind_speed, wind_speed_of_gust, wind_from_direction, lwe_thickness_of_precipitation_amount",AOOS.xlsx
AOOS,60.435,-147.395,"Seal Island, SNOTEL STATION",fixed,Y,2005-10-01 00:00:00,Yp,,,,,X,X,X,X,X,,,,,,,,,,,,,,,,,,"battery_voltage, air_temperature,  air_pressure, wind_speed, wind_speed_of_gust, wind_from_direction, lwe_thickness_of_precipitation_amount, relative_humidity",AOOS.xlsx
AOOS,60.235,-144.865,"Strawberry Reef, SNOTEL STATION",fixed,Y,2005-10-01 00:00:00,Yp,,,,,,X,X,X,X,X,,,,,,,,,,,,,,,,,"battery_voltage, air_temperature, solar_radiation, air_pressure, wind_speed, wind_speed_of_gust, wind_from_direction, lwe_thickness_of_precipitation_amount",AOOS.xlsx
AOOS,61.085,-146.295,"Sugarloaf Mtn, SNOTEL STATION",fixed,Y,2006-10-01 00:00:00,Yp,,,,,,X,X,X,X,X,,,,,,,,,,,,,,,,,"battery_voltage, air_temperature, solar_radiation, air_pressure, wind_speed, wind_speed_of_gust, wind_from_direction, lwe_thickness_of_precipitation_amount, surface_snow_thickness",AOOS.xlsx
AOOS,59.7983,-144.5999,Cape St. Elias,fixed,Y,2014-12-03 00:00:00,N,,,,,,X,X,X,,X,,,,,,,,,,,,,,,,,"air_pressure, air_temperature, relataive_humdity, solar_irradiance, wind_speed_of_gust, wind_speed, wind_from_direction, battery_voltage",AOOS.xlsx
AOOS,60.2255,-145.1643,Kokinhenik Bar Weather Station ,fixed,Y,2023-07-09 00:00:00,Yp,,,,,X,X,X,X,,X,,,,,,,,,,,,,,,,,"air_pressure, relative_humidity, solar_irradiance, air_temperature, wind_speed_of_gust, wind_speed, wind_from_direction",AOOS.xlsx
AOOS,61.091,-146.3766,Valdez Marine Terminal Weather Buoy,moored_buoy,Y,2019-09-21 00:00:00,N,X,,X,,X,X,X,X,,X,,,X,X,,,,,,,,,,,,,"air_pressure, sea_water_velocity_to_direction, sea_water_speed, eastward_sea_water_velocity, northward_sea_water_velocity, upward_sea_water_velocity, relative_humidity, solar_irradiance, sea_water_pressure, air_temperature, sea_water_temperature, sea_surface_wave_directional_spread, sea_surface_wave_period_at_variance_spectral_density_maximum, sea_surface_wave_from_direction, sea_surface_wave_maximum_height, sea_surface_wave_significant_height, wind_speed_of_gust, wind_speed, wind_from_direction, ",AOOS.xlsx
AOOS,61.1225,-146.2967,Valdez Duck Flats Weather Buoy,moored_buoy,Y,2019-09-21 00:00:00,N,X,,X,,X,X,X,X,,X,,,X,X,,,,,,,,,,,,,"air_pressure, sea_water_velocity_to_direction, sea_water_speed, eastward_sea_water_velocity, northward_sea_water_velocity, upward_sea_water_velocity, relative_humidity, solar_irradiance, sea_water_pressure, air_temperature, sea_water_temperature, sea_surface_wave_directional_spread, sea_surface_wave_period_at_variance_spectral_density_maximum, sea_surface_wave_from_direction, sea_surface_wave_maximum_height, sea_surface_wave_significant_height, wind_speed_of_gust, wind_speed, wind_from_direction, ",AOOS.xlsx
AOOS,51.7051,-176.5985,Camel Bay Inner Wave Buoy,moored_buoy,Y,2022-08-15 00:00:00,N,,,,,,,X,,,,,,X,,,,,,,,,,,,,,"sea_surface_wave_significant_height, sea_surface_wave_from_direction, sea_surface_wave_period_at_variance_spectral_density_maximum, wind_speed, wind_from_direction, sea_surface_wave_mean_period, sea_surface_wave_directional_spread, sea_surface_wave_directional_spread_at_variance_spectral_density_maximum, sea_surface_wave_from_direction_at_variance_spectral_density_maximum",AOOS.xlsx
AOOS,51.6835,-176.5879,Camel Bay Outer Wave Buoy,moored_buoy,O,2022-08-15 00:00:00,N,,,,,,,X,,,,,,X,,,,,,,,,,,,,,"sea_surface_wave_significant_height, sea_surface_wave_from_direction, sea_surface_wave_period_at_variance_spectral_density_maximum, wind_speed, wind_from_direction, sea_surface_wave_mean_period, sea_surface_wave_directional_spread, sea_surface_wave_directional_spread_at_variance_spectral_density_maximum, sea_surface_wave_from_direction_at_variance_spectral_density_maximum",AOOS.xlsx
AOOS,51.708,-176.6062,"Camel Bay Weather Station, Adak Island, AK",fixed,Y,2022-08-16 00:00:00,N,,,,X,X,X,X,X,,,,,,,,,,,,,,,,,,,"air_pressure, dew_point_temperature, relative_humidity, air_temperature, wind_speed_of_gust, wind_speed, wind_from_direction",AOOS.xlsx
AOOS,51.7564,-176.3308,Quail Bay Inner Wave Buoy,moored_buoy,Y,2022-08-16 00:00:00,N,,,,,,,X,,,,,,X,,,,,,,,,,,,,,"sea_surface_wave_significant_height, sea_surface_wave_from_direction, sea_surface_wave_period_at_variance_spectral_density_maximum, wind_speed, wind_from_direction, sea_surface_wave_mean_period, sea_surface_wave_directional_spread, sea_surface_wave_directional_spread_at_variance_spectral_density_maximum, sea_surface_wave_from_direction_at_variance_spectral_density_maximum",AOOS.xlsx
AOOS,51.7383,-176.3032,Quail Bay Outer Wave Buoy,moored_buoy,Y,2022-08-16 00:00:00,N,,,,,,,X,,,,,,X,,,,,,,,,,,,,,"sea_surface_wave_significant_height, sea_surface_wave_from_direction, sea_surface_wave_period_at_variance_spectral_density_maximum, wind_speed, wind_from_direction, sea_surface_wave_mean_period, sea_surface_wave_directional_spread, sea_surface_wave_directional_spread_at_variance_spectral_density_maximum, sea_surface_wave_from_direction_at_variance_spectral_density_maximum",AOOS.xlsx
AOOS,53.6151,-167.0489,Skan Bay Inner Wave Buoy,moored_buoy,Y,2021-08-27 00:00:00,N,,,,,,,,,,,,,X,,,,,,,,,,,,,,"sea_surface_wave_significant_height, sea_surface_wave_from_direction, sea_surface_wave_period_at_variance_spectral_density_maximum,  sea_surface_wave_mean_period, sea_surface_wave_directional_spread, sea_surface_wave_directional_spread_at_variance_spectral_density_maximum, sea_surface_wave_from_direction_at_variance_spectral_density_maximum",AOOS.xlsx
AOOS,53.6315,-167.0598,Skan Bay Outer Wave Buoy,moored_buoy,Y,2021-08-27 00:00:00,N,,,,,,,X,,,,,,X,,,,,,,,,,,,,,"sea_surface_wave_significant_height, sea_surface_wave_from_direction, sea_surface_wave_period_at_variance_spectral_density_maximum, wind_speed, wind_from_direction, sea_surface_wave_mean_period, sea_surface_wave_directional_spread, sea_surface_wave_directional_spread_at_variance_spectral_density_maximum, sea_surface_wave_from_direction_at_variance_spectral_density_maximum",AOOS.xlsx
AOOS,53.6185,-167.0628,"Skan Bay Weather Station, Unalaska Island, AK",fixed,Y,2022-08-16 00:00:00,N,,,,X,X,X,X,X,,,,,,,,,,,,,,,,,,,"air_pressure, dew_point_temperature, relative_humidity, air_temperature, wind_speed_of_gust, wind_speed, wind_from_direction",AOOS.xlsx
AOOS,51.8744,-176.7443,Shagak Bay Inner Wave Buoy,moored_buoy,Y,2022-08-12 00:00:00,N,,,,,,,X,,,,,,X,,,,,,,,,,,,,,"sea_surface_wave_significant_height, sea_surface_wave_from_direction, sea_surface_wave_period_at_variance_spectral_density_maximum, wind_speed, wind_from_direction, sea_surface_wave_mean_period, sea_surface_wave_directional_spread, sea_surface_wave_directional_spread_at_variance_spectral_density_maximum, sea_surface_wave_from_direction_at_variance_spectral_density_maximum",AOOS.xlsx
AOOS,57.1208,-170.3825,St. Paul Island Wave Buoy,moored_buoy,O,2022-09-20 00:00:00,N,,,,,,,X,,,,,,X,,,,,,,,,,,,,,"sea_surface_wave_significant_height, sea_surface_wave_from_direction, sea_surface_wave_period_at_variance_spectral_density_maximum, wind_speed, wind_from_direction, sea_surface_wave_mean_period, sea_surface_wave_directional_spread, sea_surface_wave_directional_spread_at_variance_spectral_density_maximum, sea_surface_wave_from_direction_at_variance_spectral_density_maximum",AOOS.xlsx
AOOS,60.5583,-145.755,"Cordova, AK",fixed,Y,Tide Gage: 08/31/78; NWLON CTD installed 11/03/2013,Yp,X,X,,,,X,X,X,,,,X,,,,,,,,,,,,,,,"air_pressure, sea_water_electrical_conductivity, sea_water_practical_salinity, air_temperature, sea_water_temperature, sea_surface_height_amplitude_due_to_geocentric_ocean_tide, sea_surface_height_above_sea_level, wind_speed_of_gust, wind_speed, wind_from_direction",AOOS.xlsx
AOOS,61.1242,-146.3631,"Valdez, AK",fixed,Y,Tide gage: 04/16/73;  NWLON CTD installed 10/13/2022,Yp,X,X,,,,X,X,X,,,,X,,,,,,,,,,,,,,,"air_pressure, sea_water_electrical_conductivity, sea_water_practical_salinity, air_temperature, sea_water_temperature, sea_surface_height_amplitude_due_to_geocentric_ocean_tide, sea_surface_height_above_sea_level, wind_speed_of_gust, wind_speed, wind_from_direction",AOOS.xlsx
CARICOOS,17.8687,-66.532,Ponce Buoy,Moored buoy,,06/2009 - present,,,X,,,,X,X,X,,,,,X,X,,,,,,,,,,,,,"sea_water_speed (2.5 - 16) m, sea_water_to_direction (2.5 -16) m, eastward_sea_water_velocity (2.5 - 16) m, northward_sea_water_velocity (2.5 - 16) m, sea_surface_temperature, air_temperature (-3 m), barometric_altitude (-3 m),  wind_speed (-4 m), wind_speed_of_gust (-4 m), wind_from_direction (-4 m), sea_surface_wave_significant_height, sea_surface_wave_maximum_height, sea_surface_wave_from_direction, sea_surface_wave_mean_period,  sea_surface_wave_directional_spread,  sea_water_electrical_conductivity (1 m), sea_surface_temperature (1 m), sea_surface_salinity (1 m), sea_surface_density (1 m)",CARICOOS.xlsx
CARICOOS,17.4743,-66.0994,San Juan Buoy,Moored buoy,,07/2010 - present,,,X,,,,X,X,X,,,,,X,X,,,,,,,,,,,,,"sea_water_speed (2.5 - 29) m, sea_water_to_direction (2.5 -29) m, eastward_sea_water_velocity (2.5 - 29) m, northward_sea_water_velocity (2.5 - 29) m, sea_surface_temperature, air_temperature (-3 m), barometric_altitude (-3 m),  wind_speed (-4 m), wind_speed_of_gust (-4 m), wind_from_direction (-4 m), sea_surface_wave_significant_height, sea_surface_wave_maximum_height, sea_surface_wave_from_direction, sea_surface_wave_mean_period,  sea_surface_wave_directional_spread,  sea_water_electrical_conductivity (1 m), sea_surface_temperature (1 m), sea_surface_salinity (1 m), sea_surface_density (1 m)",CARICOOS.xlsx
CARICOOS,18.2609,-65.464,Vieques Buoy,Moored buoy,,09/2013 - present,,,X,,,,X,X,X,,,,,X,X,,,,,,,,,,,,,"sea_water_speed (2.5 - 28 m), sea_water_to_direction  (2.5 - 28 m), eastward_sea_water_velocity  (2.5 - 28 m), northward_sea_water_velocity  (2.5 - 28 m), sea_surface_temperature, air_temperature (-3 m), barometric_altitude (-3 m),  wind_speed (-4 m), wind_speed_of_gust (-4 m), wind_from_direction (-4 m), sea_surface_wave_significant_height, sea_surface_wave_maximum_height, sea_surface_wave_from_direction, sea_surface_wave_mean_period,  sea_surface_wave_directional_spread,  sea_water_electrical_conductivity (1 m), sea_surface_temperature (1 m), sea_surface_salinity (1 m), sea_surface_density (1 m),sea_water_electrical_conductivity (1 m)",CARICOOS.xlsx
CARICOOS,18.2491,-64.7637,St. John Buoy ,Moored buoy,,04/2011 - present,,,X,,,,X,X,X,,,,,X,X,,,,,,,,,,,,,"sea_water_speed (2.5 - 40 m), sea_water_to_direction  (2.5 - 40 m), eastward_sea_water_velocity (2.5 - 40 m), northward_sea_water_velocity (2.5 - 40 m), sea_surface_temperature, air_temperature (-3 m), barometric_altitude (-3 m),  wind_speed (-4 m), wind_speed_of_gust (-4 m), wind_from_direction (-4 m), sea_surface_wave_significant_height, sea_surface_wave_maximum_height, sea_surface_wave_from_direction, sea_surface_wave_mean_period,  sea_surface_wave_directional_spread,  sea_water_electrical_conductivity (1 m), sea_surface_temperature (1 m), sea_surface_salinity (1 m), sea_surface_density (1 m),sea_water_electrical_conductivity (1 m)",CARICOOS.xlsx
CARICOOS,18.4761,-65.1568,North of St. Thomas,Moored buoy,,08/2017-09/2017,,,X,,,X,X,X,X,,,,,X,X,X,X,,,,,,X,,,,,"sea_water_speed (2.5 - 22 m), sea_water_to_direction  (2.5 - 22 m), eastward_sea_water_velocity (2.5 - 22 m), northward_sea_water_velocity (2.5 - 22 m), sea_surface_temperature, air_temperature (-3 m), relative_humidity (-3 m), barometric_altitude (-3 m),  wind_speed (-4 m), wind_speed_of_gust (-4 m), wind_from_direction (-4 m), sea_surface_wave_significant_height, sea_surface_wave_maximum_height, sea_surface_wave_from_direction, sea_surface_wave_mean_period,  sea_surface_wave_directional_spread,  sea_water_electrical_conductivity (1 m), sea_surface_temperature (1 m), sea_surface_salinity (1 m), sea_surface_density (1 m),sea_water_electrical_conductivity (1 m), dissolved_oxygen (1 m), mass_concentration_of_chlorophyll_in_sea_water (1 m), sea_water_turbidity (1 m)",CARICOOS.xlsx
CARICOOS,18.2574,-65.004,North of St. Thomas,Moored buoy,,03/2013-03/2015,,,X,,,X,X,X,X,,,,,X,X,X,X,,,,,,X,,,,,"sea_water_speed (2.5 - 22 m), sea_water_to_direction  (2.5 - 22 m), eastward_sea_water_velocity (2.5 - 22 m), northward_sea_water_velocity (2.5 - 22 m), sea_surface_temperature, air_temperature (-3 m), relative_humidity (-3 m), barometric_altitude (-3 m),  wind_speed (-4 m), wind_speed_of_gust (-4 m), wind_from_direction (-4 m), sea_surface_wave_significant_height, sea_surface_wave_maximum_height, sea_surface_wave_from_direction, sea_surface_wave_mean_period,  sea_surface_wave_directional_spread,  sea_water_electrical_conductivity (1 m), sea_surface_temperature (1 m), sea_surface_salinity (1 m), sea_surface_density (1 m),sea_water_electrical_conductivity (1 m), dissolved_oxygen (1 m), mass_concentration_of_chlorophyll_in_sea_water (1 m), sea_water_turbidity (1 m)",CARICOOS.xlsx
CARICOOS,18.3764,-67.2799,Rincón Waverider Buoy,Moored buoy,,05/2011 - present,,,,,,,,,,,,,X,X,,,,,,,,,,,,,,"sea_surface_wave_significant_height, sea_surface_wave_period_at_variance_spectral_density_maximum, sea_surface_wave_mean_period_from_variance_spectral_density_first_frequency_moment, sea_surface_wave_from_direction, sea_surface_wave_zero_upcrossing_period, wave_frequency, sea_surface_wave_variance_spectral_density, sea_surface_wave_from_direction, sea_surface_temperature, platform_orientation, sea_floor_depth_below_sea_surface",CARICOOS.xlsx
CARICOOS,18.4909,-66.7005,Arecibo Waverider Buoy,Moored buoy,,05/2021 - present,,,,,,,,,,,,,X,X,,,,,,,,,,,,,,"sea_surface_wave_significant_height, sea_surface_wave_period_at_variance_spectral_density_maximum, sea_surface_wave_mean_period_from_variance_spectral_density_first_frequency_moment, sea_surface_wave_from_direction, sea_surface_wave_zero_upcrossing_period, wave_frequency, sea_surface_wave_variance_spectral_density, sea_surface_wave_from_direction, sea_surface_temperature, platform_orientation, sea_floor_depth_below_sea_surface",CARICOOS.xlsx
CARICOOS,17.953666666666667,-66.0512,La Parguera MapCO2 buoy,Moored buoy,,2009 - present,,,,,,,,,,,,,,,,,,,,,X,,,,,,,"SST, SSS, Atm. press, xCO2water, xCO2air,fCO2water,fCO2air, pH on total scale",CARICOOS.xlsx
CARICOOS,18.3667,-67.2514,"Rincón, PR",fixed,,11/2012 - present,,,,,,X,X,X,X,,,,,,,,,,,,,,,,,,,"wind_speed (15 m), wind_speed_of_gust (15 m), wind_from_direction (15 m), air_temperature (15 m), air_pressure (15 m), relative_humidity (15 m)",CARICOOS.xlsx
CARICOOS,17.9694,-67.0442,"Isla Magueyes, PR",fixed,,10/2015 - 9/2017,,,,,,X,X,X,X,,,,,,,,,,,,,,,,,,,"wind_speed (10 m), wind_speed_of_gust (10 m), wind_from_direction (10 m), air_temperature (10 m), air_pressure (10 m), relative_humidity (10 m)",CARICOOS.xlsx
CARICOOS,17.9644,-67.0442,"Isla Magueyes, PR",fixed,,10/2018 - present,,,,,,X,X,X,X,,,,,,,,,,,,,,,,,,,"wind_speed (8 m), wind_speed_of_gust (8 m), wind_from_direction (8 m), air_temperature (8 m), air_pressure (8 m), relative_humidity (8 m)",CARICOOS.xlsx
CARICOOS,17.9644,-66.6177,Ponce Yatch Club - Ponce - Puerto Rico,fixed,,12/2018 - present,,,,,,X,X,X,X,,,,,,,,,,,,,,,,,,,"wind_speed (15 m), wind_speed_of_gust (15 m), wind_from_direction (15 m), air_temperature (15 m), air_pressure (15 m), relative_humidity (15 m)",CARICOOS.xlsx
CARICOOS,17.9335,-67.192,Faro de Cabo Rojo - Cabo Rojo - Puerto Rico,fixed,,12/2018 - present,,,,,,X,X,X,X,,,,,,,,,,,,,,,,,,,"wind_speed (3 m), wind_speed_of_gust (3 m), wind_from_direction (3 m), air_temperature (3 m), air_pressure (3 m), relative_humidity (3 m)",CARICOOS.xlsx
CARICOOS,18.347,-67.2613,Tres Palmas Reserve - Rincon - Puerto Rico,fixed,,12/2018 - present,,,,,,X,X,X,X,,,,,,,,,,,,,,,,,,,"wind_speed (3 m), wind_speed_of_gust (3 m), wind_from_direction (3 m), air_temperature (3 m), air_pressure (3 m), relative_humidity (3 m)",CARICOOS.xlsx
CARICOOS,18.43295,-67.15663,"Jetty Aguadilla, PR",fixed,,2009 - present,,,,,,X,X,X,X,,,,,,,,,,,,,,,,,,,"wind_speed (10 m), wind_speed_of_gust (10 m), wind_from_direction (10 m), air_temperature (10 m), air_pressure (10 m), relative_humidity (10 m)",CARICOOS.xlsx
CARICOOS,18.3303,-64.9264,"Charlotte Amalie Harbor, USVI",fixed,,2009 - 2015,,,,,,X,X,X,X,,,,,,,,,,,,,,,,,,,"wind_speed (10 m), wind_speed_of_gust (10 m), wind_from_direction (10 m), air_temperature (10 m), air_pressure (10 m), relative_humidity (10 m)",CARICOOS.xlsx
CARICOOS,18.34291,-64.8173,"Two Brothers, USVI",fixed,,2009 - present,,,,,,X,X,X,X,,,,,,,,,,,,,,,,,,,"wind_speed (10 m), wind_speed_of_gust (10 m), wind_from_direction (10 m), air_temperature (10 m), air_pressure (10 m), relative_humidity (10 m)",CARICOOS.xlsx
CARICOOS,18.27823,-64.8926,"Buck Island, USVI",fixed,,2009 - present,,,,,,X,X,X,X,,,,,,,,,,,,,,,,,,,"wind_speed (10 m), wind_speed_of_gust (10 m), wind_from_direction (10 m), air_temperature (10 m), air_pressure (10 m), relative_humidity (10 m)",CARICOOS.xlsx
CARICOOS,18.09995,-67.18887,"Cabo Rojo, PR (CWOP EW7866)",fixed,,JUR,,,,,,X,X,X,X,,,,,,,,,,,,,,,,,,,"wind_speed (10 m), wind_speed_of_gust (10 m), wind_from_direction (10 m), air_temperature (10 m), air_pressure (10 m), relative_humidity (10 m)",CARICOOS.xlsx
CARICOOS,17.67771,-64.89989,"Sandy Point NWR, USVI",fixed,,2009 - present,,,,,,X,X,X,X,,,,,,,,,,,,,,,,,,,"wind_speed (10 m), wind_speed_of_gust (10 m), wind_from_direction (10 m), air_temperature (10 m), air_pressure (10 m), relative_humidity (10 m)",CARICOOS.xlsx
CARICOOS,18.3137,-65.22742,Culebrita Island,fixed,,2016 - present,,,,,,X,X,X,X,,,,,,,,,,,,,,,,,,,"wind_speed (10 m), wind_speed_of_gust (10 m), wind_from_direction (10 m), air_temperature (10 m), air_pressure (10 m), relative_humidity (10 m)",CARICOOS.xlsx
CARICOOS,18.25623,-65.99167,"Gurabo, PR",fixed,,2009 - present,,,,,,X,X,X,X,,,,,,,,,,,,,,,,,,,"wind_speed (10 m), wind_speed_of_gust (10 m), wind_from_direction (10 m), air_temperature (10 m), air_pressure (10 m), relative_humidity (10 m)",CARICOOS.xlsx
CARICOOS,18.45512,-66.12846,"San Juan, PR",fixed,,2009 - present,,,,,,X,X,X,X,,,,,,,,,,,,,,,,,,,"wind_speed (10 m), wind_speed_of_gust (10 m), wind_from_direction (10 m), air_temperature (10 m), air_pressure (10 m), relative_humidity (10 m)",CARICOOS.xlsx
CARICOOS,17.92859,-66.1597,"Las Mareas, Guayama, PR",fixed,,2009 - present,,,,,,X,X,X,X,,,,,,,,,,,,,,,,,,,"wind_speed (10 m), wind_speed_of_gust (10 m), wind_from_direction (10 m), air_temperature (10 m), air_pressure (10 m), relative_humidity (10 m)",CARICOOS.xlsx
CARICOOS,18.28938,-65.632,"Marina Puerto del Rey, Fajardo, PR",fixed,,2009 - present,,,,,,X,X,X,X,,,,,,,,,,,,,,,,,,,"wind_speed (10 m), wind_speed_of_gust (10 m), wind_from_direction (10 m), air_temperature (10 m), air_pressure (10 m), relative_humidity (10 m)",CARICOOS.xlsx
CARICOOS,18.32817,-64.92661,"Ruperts Rock, USVI",fixed,,2015 - present,,,,,,X,X,X,X,,,,,,,,,,,,,,,,,,,"wind_speed (10 m), wind_speed_of_gust (10 m), wind_from_direction (10 m), air_temperature (10 m), air_pressure (10 m), relative_humidity (10 m)",CARICOOS.xlsx
CARICOOS,18.33737,-65.083,"Savanah Island, USVI",fixed,,2009 - 2017,,,,,,X,X,X,X,,,,,,,,,,,,,,,,,,,"wind_speed (10 m), wind_speed_of_gust (10 m), wind_from_direction (10 m), air_temperature (10 m), air_pressure (10 m), relative_humidity (10 m)",CARICOOS.xlsx
CARICOOS,18.35537,-64.96693,"Crown Mountain, USVI",fixed,,2009 - 2017,,,,,,X,X,X,X,,,,,,,,,,,,,,,,,,,"wind_speed (10 m), wind_speed_of_gust (10 m), wind_from_direction (10 m), air_temperature (10 m), air_pressure (10 m), relative_humidity (10 m)",CARICOOS.xlsx
CARICOOS,18.05245,-65.82809,"Yabucoa-El Negro, PR",fixed,,2009 - present,,,,,,X,X,X,X,,,,,,,,,,,,,,,,,,,"wind_speed (10 m), wind_speed_of_gust (10 m), wind_from_direction (10 m), air_temperature (10 m), air_pressure (10 m), relative_humidity (10 m)",CARICOOS.xlsx
CARICOOS,18.36,-64.95,"Mountain Top, USVI",fixed,,2019-present,,,,,,X,X,X,X,,,,,,,,,,,,,,,,,,,"wind_speed (10 m), wind_speed_of_gust (10 m), wind_from_direction (10 m), air_temperature (10 m), air_pressure (10 m), relative_humidity (10 m)",CARICOOS.xlsx
CARICOOS,17.9689,-67.0438,"Isla Magueyes, PR",fixed,,2023/09-present,,,,,,X,X,X,X,,,,,,,,,,,,,,,,,,,"wind_speed (10 m), wind_speed_of_gust (10 m), wind_from_direction (10 m), air_temperature (10 m), air_pressure (10 m), relative_humidity (10 m)",CARICOOS.xlsx
CARICOOS,17.9333,-67.1919,"Faro de Cabo Rojo,PR",fixed,,2023/09-present,,,,,,X,X,X,X,,,,,,,,,,,,,,,,,,,"wind_speed (10 m), wind_speed_of_gust (10 m), wind_from_direction (10 m), air_temperature (10 m), air_pressure (10 m), relative_humidity (10 m)",CARICOOS.xlsx
CARICOOS,18.3075,-64.95667,"Water Island, USVI",fixed,,2023/03-present,,,,,,X,X,X,X,X,,,,,,,,,,,,,,,,,,"wind_speed (10 m), wind_speed_of_gust (10 m), wind_from_direction (10 m), air_temperature (10 m), air_pressure (10 m), relative_humidity (10 m),precipitation (accumulated)",CARICOOS.xlsx
SECOORA,32.8016,-79.6188,Capers Nearshore,moored_buoy,Y,2005-02-11 00:00:00,Yf,X,X,,,X,X,X,X,,,,,,,,,,,,,,,,,,,"air_pressure, air_temperature, relative_humidity, wind_speed, wind_gust, wind_from_direction, sea_water_practical_salinity (1 m), sea_water_temperature (1 m)",SECOORA.xlsx
SECOORA,32.8006,-79.6187,Capers Nearshore Wave,moored_buoy,Y,2021-07-05 00:00:00,Yf,,,,,,,,,,,,,X,,,,,,,,,,,,,,"sea_surface_wave_significant_height, wave_period_peak, wave period_mean, wave_direction_peak, wave_direction_mean, sea_surface_temperature",SECOORA.xlsx
SECOORA,32.536,-79.656,Charleston 60 ,moored_buoy,Y,2022-03-17 00:00:00,Yf,X,X,,,X,X,X,X,,,,,,,,,,,,,,,,,,,"air_pressure, air_temperature, relative_humidity, wind_speed, wind_gust, wind_from_direction, sea_water_practical_salinity (1 m), sea_water_temperature (1 m)",SECOORA.xlsx
SECOORA,32.536467,-79.658533,Charleston 60 Wave,moored_buoy,Y,2022-03-17 00:00:00,Yf,,,,,,,,,,,,,X,,,,,,,,,,,,,,"sea_surface_wave_significant_height, wave_period_peak, wave period_mean, wave_direction_peak, wave_direction_mean, sea_surface_temperature",SECOORA.xlsx
SECOORA,32.2789,-80.4102,Fripp Nearshore,moored_buoy,Y,2005-02-09 00:00:00,Yf,X,X,,,X,X,X,X,,,,,,,,,,,,,,,,,,,"air_pressure, air_temperature, relative_humidity, wind_speed, wind_gust, wind_from_direction, sea_water_practical_salinity (1 m), sea_water_temperature (1 m)",SECOORA.xlsx
SECOORA,34.1416,-77.7197,Wrightsville Beach Nearshore,moored_buoy,Y,2005-06-07 00:00:00,Yf,X,X,,,X,X,X,X,,,,,,,,,,,,,,,,,,,"air_pressure, air_temperature, relative_humidity, wind_speed, wind_gust, wind_from_direction, sea_water_practical_salinity (1 m), sea_water_temperature (1 m)",SECOORA.xlsx
SECOORA,33.9877,-77.3617,Wrightsville Beach Offshore,moored_buoy,Y,2005-06-06 00:00:00,Yf,X,X,,,X,X,X,X,,,,,,,,,,,,,,,,,,,"air_pressure, air_temperature, relative_humidity, wind_speed, wind_gust, wind_from_direction, sea_water_practical_salinity (1 m), sea_water_temperature (1 m)",SECOORA.xlsx
SECOORA,34.208,-76.9461,Onslow Bay Outer ,moored_buoy,Y,2015-11-16 00:00:00,Yf,X,X,,,X,X,X,X,,,,,,,,,,,,,,,,,,,"air_pressure, air_temperature, relative_humidity, wind_speed, wind_gust, wind_from_direction, sea_water_practical_salinity (1 m), sea_water_temperature (1 m)",SECOORA.xlsx
SECOORA,34.2083,-76.9458,Onslow Bay Outer (217),wave_buoy,Y,2015-08-01 00:00:00,Yp,,,,,,,,,,,,,X,,,,,,,,,,,,,,"sea_surface_wave_significant_height, sea_surface_wave_period_at_variance_spectral_density_maximum,  sea_surface_wave_mean_period_from_variance_spectral_density_first_frequency_moment,  sea_surface_wave_from_direction, sea_surface_wave_zero_upcrossing_period, sea_surface_wave_variance_spectral_density, sea_surface_temperature",SECOORA.xlsx
SECOORA,34.1419,-77.715,Masonboro Inlet (150),wave_buoy,Y,2008-08-01 00:00:00,Yp,,,,,,,,,,,,,X,,,,,,,,,,,,,,"sea_surface_wave_significant_height, sea_surface_wave_period_at_variance_spectral_density_maximum,  sea_surface_wave_mean_period_from_variance_spectral_density_first_frequency_moment,  sea_surface_wave_from_direction, sea_surface_wave_zero_upcrossing_period, sea_surface_wave_variance_spectral_density, sea_surface_temperature",SECOORA.xlsx
SECOORA,33.8419,-78.4837,Sunset Nearshore,moored_buoy,Y,2005-06-06 00:00:00,Yf,X,X,,,X,X,X,X,,,,,,,,,,,,,,,,,,,"air_pressure, air_temperature, relative_humidity, wind_speed, wind_gust, wind_from_direction, sea_water_practical_salinity (1 m), sea_water_temperature (1 m)",SECOORA.xlsx
SECOORA,33.8407,-78.4834,Sunset Nearshore Wave ,wave_buoy,Y,2012-03-22 00:00:00,Yf,,,,,,,,,,,,,X,,,,,,,,,,,,,,"sea_surface_wave_significant_height, wave_period_peak, wave period_mean, wave_direction_peak, wave_direction_mean, sea_surface_temperature",SECOORA.xlsx
SECOORA,33.9941,-77.3524,OB27,fixed,Y,2000-04-15 00:00:00,Yf,X,X,,,,,,,,,,,X,X,,,,,,,,,,,,,"sea_water_to_direction (mult), eastward_sea_water_velocity (mult), northward_sea_water_velocity (mult), sea_surface_wave_significant_height, sea_surface_wave_from_direction, sea_surface_wave_significant_period, sea_water_temperature (10  m), sea_water_practical_salinity (29 m), sea_water_temperature (29 m)",SECOORA.xlsx
SECOORA,34.1712,-77.8234,Masonboro Island North,fixed,Y,2021-01-14 00:00:00,,,,,,X,X,X,X,X,,,,,,,,,,,,,,,,,,"air_pressure, air_temperature, relative_humidity, wind_speed, wind_gust, wind_from_direction, precipitation (6 min), precipitation (daily)",SECOORA.xlsx
SECOORA,34.0906,-77.8679,Masonboro Island South,fixed,Y,2020-12-17 00:00:00,,,,,,X,X,X,X,X,,,,,,,,,,,,,,,,,,"air_pressure, air_temperature, relative_humidity, wind_speed, wind_gust, wind_from_direction, precipitation (6 min), precipitation (daily)",SECOORA.xlsx
SECOORA,27.593,-80.189,Ft. Pierce ,moored_buoy,Y,2023-09-27 00:00:00,Yf,X,X,,,X,X,X,X,,,,,,,,,,,,,,,,,,,"air_pressure, air_temperature, relative_humidity, wind_speed, wind_gust, wind_from_direction, sea_water_practical_salinity (1 m), sea_water_temperature (1 m)",SECOORA.xlsx
SECOORA,29.289,-80.803,Ponce De Leon,moored_buoy,Y,2023-09-27 00:00:00,Yf,X,X,,,X,X,X,X,,,,,,,,,,,,,,,,,,,"air_pressure, air_temperature, relative_humidity, wind_speed, wind_gust, wind_from_direction, sea_water_practical_salinity (1 m), sea_water_temperature (1 m)",SECOORA.xlsx
SECOORA,29.286,-80.5058,Ponce De Leon,moored_buoy,Y,2023-09-27 00:00:00,Yf,,,,,,,,,,,,,X,,,,,,,,,,,,,,"sea_surface_wave_significant_height, wave_period_peak, wave period_mean, wave_direction_peak, wave_direction_mean, sea_surface_temperature",SECOORA.xlsx
SECOORA,27.505,-83.741,WFS Central Buoy,moored_buoy,Y,1997-07-28 00:00:00,Yf,X,X,,,X,X,X,X,,X,,,X,X,,,,,,,,,,,,,"air_pressure, air_temperature, relative_humidity, wind_speed, wind_gust, wind_from_direction, sea_water_practical_salinity (1 m, 20 m, 30 m), sea_water_temperature (1 m, 20 m, 30 m), downwelling_shortwave_flux_in_air, downwelling_longwave_flux_in_air, sea_water_speed (mult), sea_water_to_direction (mult), eastward_sea_water_velocity (mult), northward_sea_water_velocity (mult)",SECOORA.xlsx
SECOORA,26.01,-83.086,WFS South Buoy,moored_buoy,Y,1999-09-01 00:00:00,N,X,X,,,X,X,X,X,,X,,,X,X,,,,,,,,,,,,,"air_pressure, air_temperature, relative_humidity, wind_speed, wind_gust, wind_from_direction, sea_water_practical_salinity (1 m, 20 m, 30 m), sea_water_temperature (1 m, 20 m, 30 m), downwelling_shortwave_flux_in_air, downwelling_longwave_flux_in_air, sea_water_speed (mult), sea_water_to_direction (mult), eastward_sea_water_velocity (mult), northward_sea_water_velocity (mult)",SECOORA.xlsx
SECOORA,27.173,-82.924,WFS Central Buoy,moored_buoy,Y,1998-09-14 00:00:00,Yf,X,X,,,X,X,X,X,,X,,,X,X,,,,,,,,,,,,,"air_pressure, air_temperature, relative_humidity, wind_speed, wind_gust, wind_from_direction, sea_water_practical_salinity (1 m, 10 m, 19 m), sea_water_temperature (1 m, 10 m, 19 m), downwelling_shortwave_flux_in_air, downwelling_longwave_flux_in_air, sea_water_speed (mult), sea_water_to_direction (mult), eastward_sea_water_velocity (mult), northward_sea_water_velocity (mult)",SECOORA.xlsx
SECOORA,25.171,-83.475,WFS Pressure Point Buoy,moored_buoy,Y,2019-06-27 00:00:00,N,X,X,,,X,X,X,X,,,,,,X,,,,,,,,,,,,,"air_pressure, air_temperature, relative_humidity, wind_speed, wind_gust, wind_from_direction, sea_water_practical_salinity (1 m, 10 m, 65 m), sea_water_temperature (1 m, 10 m, 65 m), sea_water_speed (mult), sea_water_to_direction (mult), eastward_sea_water_velocity (mult), northward_sea_water_velocity (mult)",SECOORA.xlsx
SECOORA,27.21,-82.82,WFS 20m Bottom Mount,moored_buoy,Y,1998-07-13 00:00:00,Yf,X,X,,,,,,,,,,,,X,,,,,,,,,,,,,"sea_water_practical_salinity (bottom 20 m), sea_water_temperature (bottom, 20 m), sea_water_speed (mult), sea_water_to_direction (mult), eastward_sea_water_velocity (mult), northward_sea_water_velocity (mult)",SECOORA.xlsx
SECOORA,27.29,-82.63,WFS 10m Bottom Mount,moored_buoy,Y,1998-07-13 00:00:00,Yf,X,X,,,,,,,,,,,,X,,,,,,,,,,,,,"sea_water_practical_salinity (bottom 20 m), sea_water_temperature (bottom, 20 m), sea_water_speed (mult), sea_water_to_direction (mult), eastward_sea_water_velocity (mult), northward_sea_water_velocity (mult)",SECOORA.xlsx
SECOORA,24.6172,-82.7243,WFS 30m Bottom Mount,moored_buoy,Y,2003-09-19 00:00:00,N,X,,,,,,,,,,,,,X,,,,,,,,,,,,,"sea_water_temperature (bottom, 27 m), sea_water_speed (mult), sea_water_to_direction (mult), eastward_sea_water_velocity (mult), northward_sea_water_velocity (mult)",SECOORA.xlsx
SECOORA,31.4,-80.8681,Grays Reef,moored_buoy,Y,2006-08-01 00:00:00,Yp,X,X,,,,,,,,,,,,,X,X,X,X,,X,,,,,,,"partial_pressure_of_carbon_dioxide_in_sea_water, partial_pressure_of_carbon_dioxide_in_atmosphere, seawater_temperature, sea_water_pH_reported_in_total_scale (1 m), sea_water_salinity (1 m), sea_water_dissolved_oxygen (1 m), sea_water_temperature (1 m), sea_water_conductance (1 m), sea_water_turbidity (1 m), mass_concentration_of_cholorphyll_in_sea_water (1 m)",SECOORA.xlsx
SECOORA,35.75,-75.33,Oregon Inlet,wave_buoy,Y,2012-04-08 00:00:00,N,,,,,,,,,,,,,X,,,,,,,,,,,,,,"sea_surface_wave_significant_height, sea_surface_wave_period_at_variance_spectral_density_maximum,  sea_surface_wave_mean_period_from_variance_spectral_density_first_frequency_moment,  sea_surface_wave_from_direction, sea_surface_wave_zero_upcrossing_period, sea_surface_wave_variance_spectral_density, sea_surface_temperature",SECOORA.xlsx
SECOORA,36.0013,-75.421,Nags Head,wave_buoy,Y,2018-09-07 00:00:00,N,,,,,,,,,,,,,X,,,,,,,,,,,,,,"sea_surface_wave_significant_height, sea_surface_wave_period_at_variance_spectral_density_maximum,  sea_surface_wave_mean_period_from_variance_spectral_density_first_frequency_moment,  sea_surface_wave_from_direction, sea_surface_wave_zero_upcrossing_period, sea_surface_wave_variance_spectral_density, sea_surface_temperature",SECOORA.xlsx
SECOORA,35.25925,-75.2861,Cape Hatteras East,wave_buoy,Y,2021-08-02 00:00:00,N,,,,,,,,,,,,,X,,,,,,,,,,,,,,"sea_surface_wave_significant_height, sea_surface_wave_period_at_variance_spectral_density_maximum,  sea_surface_wave_mean_period_from_variance_spectral_density_first_frequency_moment,  sea_surface_wave_from_direction, sea_surface_wave_zero_upcrossing_period, sea_surface_wave_variance_spectral_density, sea_surface_temperature",SECOORA.xlsx
SECOORA,35.912033,-75.593317,CSI-Jennette'sSpotter1,wave_buoy,Y,2020-08-29 00:00:00,N,,,,,,,X,,,,,,X,,,,,,,,,,,,,,"sea_surface_wave_significant_height, sea_surface_wave_period_at_variance_spectral_density_maximum,  sea_surface_wave_mean_period_from_variance_spectral_density_first_frequency_moment,  sea_surface_wave_from_direction, sea_surface_wave_zero_upcrossing_period, sea_surface_wave_variance_spectral_density, sea_surface_temperature, wind speed/direction",SECOORA.xlsx
SECOORA,32.75334,-79.89898,Fort Johnson in Charleston Harbor,fixed,Y,"07/22/2020, < 5 yr",Yp,X,X,,,,,,,,,,,,,X,X,,,,X,,X,,,,,"sea_water_temperature, sea_water_electrical_conductivity, sea_water_practical_salinity, fractional_saturation_of_oxygen_in_sea_water, mass_concentration_of_oxygen_in_sea_water, sea_water_ph_reported_on_total_scale, mass_concentration_of_chlorophyll_in_sea_water, turbidity",SECOORA.xlsx
SECOORA,30.058,-84.29,Shell Point,fixed,Y,"11/2000 - 1/2007,                                      6/2008 - present",N,X,,,,X,X,X,X,X,,,X,,,,,,,,,,,,,,,"air_pressure, air_temperature, relative_humidity, wind_speed, wind_gust, wind_from_direction, lwe_thickness_of_precipitation_amount, sea_water_temperature, water_surface_height_above_reference_datum",SECOORA.xlsx
SECOORA,28.153,-82.801,Fred Howard Park,fixed,Y,"7/2004 -9/2008,                                      2/2010 - present",N,,,X,,X,X,X,X,X,,,,,,,,,,,,,,,,,,"air_pressure, air_temperature, relative_humidity, wind_speed, wind_gust, wind_from_direction, lwe_thickness_of_precipitation_amount, sea_water_pressure_due_to_sea_water",SECOORA.xlsx
SECOORA,28.433,-82.667,Aripeka,fixed,Y,6/2002 - present,N,X,,,,X,X,X,X,X,,,X,,,,,,,,,,,,,,,"air_pressure, air_temperature, relative_humidity, wind_speed, wind_gust, wind_from_direction, lwe_thickness_of_precipitation_amount, sea_water_temperature, water_surface_height_above_reference_datum",SECOORA.xlsx
SECOORA,27.2244,-80.2023,Indian River Lagoon - Jensen Beach,moored_buoy,Y,> 5 yr,N,X,X,X,,X,X,X,X,X,X,,,,X,X,X,,,,,,X,X,,,,"sea_water_temperature, air_temperatue, relative_humidity, wind_speed, wind_from_direction, wind_speed_of_gust, air_pressure, precipitation_increment, mass_concentration_of_chlorophyll_in_sea_water, sea_water_electrical_conductivity, direction_of_sea_water_velocity, sea_water_speed, depth, fractional_saturation_of_oxygen_in_sea_water, mass_concentration_of_oxygen_in_sea_water, mole_concentration_of_nitrate_in_sea_water, phosphate, surface_downwelling_photosynthetic_photon_flux_in_air, turbidity, sea_water_practical_salinity, sea_water_pressure",SECOORA.xlsx
SECOORA,27.8391,-80.4708,Indian River Lagoon - Sebastian ,moored_buoy,Y,> 5 yr,N,X,X,X,,,,,,,,,,,X,X,X,,,,,,X,X,,,,"sea_water_temperature, mass_concentration_of_chlorophyll_in_sea_water, sea_water_electrical_conductivity, sea_water_practical_salinity, direction_of_sea_water_velocity, sea_water_speed, depth, fractional_saturation_of_oxygen_in_sea_water, mass_concentration_of_oxygen_in_sea_water, mole_concentration_of_nitrate_in_sea_water, phosphate, turbidity, sea_water_pressure",SECOORA.xlsx
SECOORA,27.5901,-80.3553,Indian River Lagoon - Vero Beach,moored_buoy,Y,> 5 yr,N,X,X,X,,,,,,,,,,,X,X,X,,,,,,X,X,,,,"sea_water_temperature, mass_concentration_of_chlorophyll_in_sea_water, sea_water_electrical_conductivity, sea_water_practical_salinity, direction_of_sea_water_velocity, sea_water_speed, depth, fractional_saturation_of_oxygen_in_sea_water, mass_concentration_of_oxygen_in_sea_water, mole_concentration_of_nitrate_in_sea_water, phosphate, turbidity, sea_water_pressure",SECOORA.xlsx
SECOORA,27.5348,-80.3431,Indian River Lagoon - Link Port,moored_buoy,Y,> 5 yr,N,X,X,X,,X,X,X,X,X,X,,,,X,X,X,,,,,,X,X,,,,"sea_water_temperature, air_temperatue, relative_humidity, wind_speed, wind_from_direction, wind_speed_of_gust, air_pressure, precipitation_increment, mass_concentration_of_chlorophyll_in_sea_water, sea_water_electrical_conductivity, direction_of_sea_water_velocity, sea_water_speed, depth, fractional_saturation_of_oxygen_in_sea_water, mass_concentration_of_oxygen_in_sea_water, mole_concentration_of_nitrate_in_sea_water, phosphate, surface_downwelling_photosynthetic_photon_flux_in_air, turbidity, sea_water_practical_salinity, sea_water_pressure",SECOORA.xlsx
SECOORA,27.4756,-80.3266,Indian River Lagoon - Fort Pierce,moored_buoy,Y,> 5 yr,N,X,X,X,,,,,,,,,,,X,X,X,,,,,,X,X,,,,"sea_water_temperature, mass_concentration_of_chlorophyll_in_sea_water, sea_water_electrical_conductivity, sea_water_practical_salinity, direction_of_sea_water_velocity, sea_water_speed, depth, fractional_saturation_of_oxygen_in_sea_water, mass_concentration_of_oxygen_in_sea_water, mole_concentration_of_nitrate_in_sea_water, phosphate, turbidity, sea_water_pressure",SECOORA.xlsx
SECOORA,27.1649,-80.1718,Indian River Lagoon - St. Lucie Estuary,moored_buoy,Y,> 5 yr,N,X,X,X,,X,X,X,X,X,X,,,,X,X,X,,,,,,X,X,,,,"sea_water_temperature, air_temperatue, relative_humidity, wind_speed, wind_from_direction, wind_speed_of_gust, air_pressure, precipitation_increment, mass_concentration_of_chlorophyll_in_sea_water, sea_water_electrical_conductivity, direction_of_sea_water_velocity, sea_water_speed, depth, fractional_saturation_of_oxygen_in_sea_water, mass_concentration_of_oxygen_in_sea_water, mole_concentration_of_nitrate_in_sea_water, phosphate, surface_downwelling_photosynthetic_photon_flux_in_air, turbidity, sea_water_practical_salinity, sea_water_pressure",SECOORA.xlsx
SECOORA,27.21,-80.2692,St. Lucie Estuary - North Fork ,moored_buoy,Y,> 5 yr,N,X,X,X,,X,X,X,X,X,X,,,,X,X,X,,,,,,X,X,,,,"sea_water_temperature, air_temperatue, relative_humidity, wind_speed, wind_from_direction, wind_speed_of_gust, air_pressure, precipitation_increment, mass_concentration_of_chlorophyll_in_sea_water, sea_water_electrical_conductivity, direction_of_sea_water_velocity, sea_water_speed, depth, fractional_saturation_of_oxygen_in_sea_water, mass_concentration_of_oxygen_in_sea_water, mole_concentration_of_nitrate_in_sea_water, phosphate, surface_downwelling_photosynthetic_photon_flux_in_air, turbidity, sea_water_practical_salinity, sea_water_pressure",SECOORA.xlsx
SECOORA,27.1878,-80.2642,St. Lucie Estuary - South Fork,moored_buoy,Y,> 5 yr,N,X,X,X,,X,X,X,X,X,X,,,,X,X,X,,,,,,X,X,,,,"sea_water_temperature, air_temperatue, relative_humidity, wind_speed, wind_from_direction, wind_speed_of_gust, air_pressure, precipitation_increment, mass_concentration_of_chlorophyll_in_sea_water, sea_water_electrical_conductivity, direction_of_sea_water_velocity, sea_water_speed, depth, fractional_saturation_of_oxygen_in_sea_water, mass_concentration_of_oxygen_in_sea_water, mole_concentration_of_nitrate_in_sea_water, phosphate, surface_downwelling_photosynthetic_photon_flux_in_air, turbidity, sea_water_practical_salinity, sea_water_pressure",SECOORA.xlsx
SECOORA,27.2089,-80.248,St. Lucie Estuary - Middle Estuary,moored_buoy,Y,> 5 yr,N,X,X,X,,X,X,X,X,X,X,,,,X,X,X,,,,,,X,X,,,,"sea_water_temperature, air_temperatue, relative_humidity, wind_speed, wind_from_direction, wind_speed_of_gust, air_pressure, precipitation_increment, mass_concentration_of_chlorophyll_in_sea_water, sea_water_electrical_conductivity, direction_of_sea_water_velocity, sea_water_speed, depth, fractional_saturation_of_oxygen_in_sea_water, mass_concentration_of_oxygen_in_sea_water, mole_concentration_of_nitrate_in_sea_water, phosphate, surface_downwelling_photosynthetic_photon_flux_in_air, turbidity, sea_water_practical_salinity, sea_water_pressure",SECOORA.xlsx
SECOORA,27.1142,-80.2829,St. Lucie Estuary - South Fork 2,moored_buoy,Y,> 5 yr,N,X,X,X,,X,X,X,X,X,X,,,,X,X,X,,,,,,X,X,,,,"sea_water_temperature, air_temperatue, relative_humidity, wind_speed, wind_from_direction, wind_speed_of_gust, air_pressure, precipitation_increment, mass_concentration_of_chlorophyll_in_sea_water, sea_water_electrical_conductivity, direction_of_sea_water_velocity, sea_water_speed, depth, fractional_saturation_of_oxygen_in_sea_water, mass_concentration_of_oxygen_in_sea_water, mole_concentration_of_nitrate_in_sea_water, phosphate, surface_downwelling_photosynthetic_photon_flux_in_air, turbidity, sea_water_practical_salinity, sea_water_pressure",SECOORA.xlsx
SECOORA,30.4554,-86.587634,"Eastern Lake Boat Ramp (florida_panhandle_1), Shalimar, FL",fixed,Y,2023-05-01 00:00:00,,,,,,,,,,,,,X,,,,,,,,,,,,,,,water_surface_height_above_reference_datum,SECOORA.xlsx
SECOORA,30.309557,-86.089639,"Poquito Bayou Boat ramp (florida_panhandle_2), Santa Rosa Beach, FL",fixed,Y,2023-05-01 00:00:00,,,,,,,,,,,,,X,,,,,,,,,,,,,,,water_surface_height_above_reference_datum,SECOORA.xlsx
SECOORA,30.3988980933,-81.6986528000293,Ribault River Reserve,fixed,Y,2023-10-01 00:00:00,,,,,,,,,,,,,X,,,,,,,,,,,,,,,water_surface_height_above_reference_datum,SECOORA.xlsx
SECOORA,33.792624,-78.736681,"White Point Swash,(whitepoint_wl_1), North Myrtle Beach, SC",fixed,Y,jul 21/ replacedSep-23,,,,,,,,,,,,,X,,,,,,,,,,,,,,,water_surface_height_above_reference_datum,SECOORA.xlsx
SECOORA,33.579828,-79.003625,"Atlantic Avenue Causeway(murrells_inlet_2), Garden City, SC",fixed,Y,2023-07-22 00:00:00,,,,,,,,,,,,,X,,,,,,,,,,,,,,,water_surface_height_above_reference_datum,SECOORA.xlsx
SECOORA,33.802873,-78.741159,"Barefoot Resort Swing Bridge, North Myrtle Beach, SC(sc_secoora_1)",fixed,Y,2022-03-30 00:00:00,,,,,,,,,,,,,X,,,,,,,,,,,,,,,water_surface_height_above_reference_datum,SECOORA.xlsx
SECOORA,33.714435,-78.921515,"ICW-HWY 501, (sc_secoora_2), Myrtle Beach, SC",fixed,Y,2023-06-22 00:00:00,,,,,,,,,,,,,X,,,,,,,,,,,,,,,water_surface_height_above_reference_datum,SECOORA.xlsx
SECOORA,33.6835,-79.043001,"Osprey Marina (osprey_marina_2) - Socastee, SC",fixed,Y,Mar 21 / replaced Dec 22,,,,,,,,,,,,,X,,,,,,,,,,,,,,,water_surface_height_above_reference_datum,SECOORA.xlsx
SECOORA,33.852724,-78.593925,"Waties Causeway(waties_causeway_1), SC",fixed,Y,2021-07-01 00:00:00,,,,,,,,,,,,,X,,,,,,,,,,,,,,,water_surface_height_above_reference_datum,SECOORA.xlsx
SECOORA,34.61810775,-79.699751,Cottingham Road N. at Crooked Creek (sc_secoora_4),fixed,Y,2023-02-14 00:00:00,,,,,,,,,,,,,X,,,,,,,,,,,,,,,water_surface_height_above_reference_datum,SECOORA.xlsx
SECOORA,33.250619,-79.268542,"ICW at South Island Ferry, SC (sc_secoora_5)",fixed,Y,2023-02-14 00:00:00,,,,,,,,,,,,,X,,,,,,,,,,,,,,,water_surface_height_above_reference_datum,SECOORA.xlsx
SECOORA,33.08058376,-79.46008809,"McClellanville Town Dock, SC (sc_secoora_6)",fixed,N,2023-04-07 00:00:00,,,,,,,,,,,,,X,,,,,,,,,,,,,,,water_surface_height_above_reference_datum,SECOORA.xlsx
SECOORA,33.667998,-79.061198,"Enterprise Landing,Socastee, SC",fixed,N,2023-10-25 00:00:00,,,,,,,,,,,,,X,,,,,,,,,,,,,,,water_surface_height_above_reference_datum,SECOORA.xlsx
SECOORA,34.1406,-79.20595,Church Landing at Sandy Bluff Rd Nichols SC,fixed,Y,2023-10-04 00:00:00,,,,,,,,,,,,,X,,,,,,,,,,,,,,,water_surface_height_above_reference_datum,SECOORA.xlsx
SECOORA,32.2988,-80.581583,St Phillip's Island-SC PRT Dock,fixed,Y,2023-10-01 00:00:00,,,,,,,,,,,,,X,,,,,,,,,,,,,,,water_surface_height_above_reference_datum,SECOORA.xlsx
SECOORA,33.480043,-79.272502,"Georgetown County Hwy 701 Bridge, SC",water_level,Y,2021-01-19 00:00:00,Yf,,,,,,,,,,,,X,,,,,,,,,,,,,,,water_surface_height_above_reference_datum,SECOORA.xlsx
SECOORA,32.661857,-79.943648,"Folly River Bridge, SC",water_level,Y,2021-03-17 00:00:00,Yp,,,,,,,,,,,,X,,,,,,,,,,,,,,,water_surface_height_above_reference_datum,SECOORA.xlsx
SECOORA,36.01498,-75.687458,"Colington Creek Inn Dock, Kill Devil Hills, NC",water_level,Y,2021-03-15 00:00:00,Yp,,,,,,,,,,,,X,,,,,,,,,,,,,,,water_surface_height_above_reference_datum,SECOORA.xlsx
SECOORA,36.22332,-75.772544,"Duck, NC",water_level,Y,2021-05-11 00:00:00,Yf,,,,,,,,,,,,X,,,,,,,,,,,,,,,water_surface_height_above_reference_datum,SECOORA.xlsx
SECOORA,36.13097,-75.745303,"Southern Shores, NC",water_level,Y,2021-05-14 00:00:00,Yp,,,,,,,,,,,,X,,,,,,,,,,,,,,,water_surface_height_above_reference_datum,SECOORA.xlsx
SECOORA,32.579739,-80.158322,"Seabrook Island, SC",water_level,Y,2021-01-19 00:00:00,Yp,,,,,,,,,,,,X,,,,,,,,,,,,,,,water_surface_height_above_reference_datum,SECOORA.xlsx
SECOORA,33.37501186,-79.15614314,"DeBordieu Colony, SC",water_level,Y,2021-04-03 00:00:00,Yp,,,,,,,,,,,,X,,,,,,,,,,,,,,,water_surface_height_above_reference_datum,SECOORA.xlsx
SECOORA,32.49371829,-80.33903038,"Edisto Beach, SC",water_level,Y,2021-01-19 00:00:00,Yp,,,,,,,,,,,,X,,,,,,,,,,,,,,,water_surface_height_above_reference_datum,SECOORA.xlsx
SECOORA,33.91586,-78.269385,"Holden Beach, Brunswick County, NC",water_level,Y,2021-05-10 00:00:00,Yf,,,,,,,,,,,,X,,,,,,,,,,,,,,,water_surface_height_above_reference_datum,SECOORA.xlsx
SECOORA,32.765404,-79.861356,"Sullivan's Island, SC",water_level,Y,2021-06-03 00:00:00,Yp,,,,,,,,,,,,X,,,,,,,,,,,,,,,water_surface_height_above_reference_datum,SECOORA.xlsx
SECOORA,34.365605,-77.632004,"Topsail Beach, NC",water_level,Y,2021-08-20 00:00:00,Yf,,,,,,,,,,,,X,,,,,,,,,,,,,,,water_surface_height_above_reference_datum,SECOORA.xlsx
SECOORA,33.442528,-79.115142,"Pawleys Island, SC",water_level,Y,2021-08-22 00:00:00,Yp,,,,,,,,,,,,X,,,,,,,,,,,,,,,water_surface_height_above_reference_datum,SECOORA.xlsx
SECOORA,26.520403,-82.188155,"Captiva Island, FL",water_level,Y,2021-08-02 00:00:00,Yf,,,,,,,,,,,,X,,,,,,,,,,,,,,,water_surface_height_above_reference_datum,SECOORA.xlsx
SECOORA,34.427238,-77.547393,Surf City,water_level,Y,2021-09-10 00:00:00,Yf,,,,,,,,,,,,X,,,,,,,,,,,,,,,water_surface_height_above_reference_datum,SECOORA.xlsx
SECOORA,32.174874,-80.761078,Hilton Head,water_level,Y,2022-03-15 00:00:00,Yf,,,,,,,,,,,,X,,,,,,,,,,,,,,,water_surface_height_above_reference_datum,SECOORA.xlsx
SECOORA,27.784509,-82.782025,John's Pass,water_level,Y,2021-12-23 00:00:00,Yf,,,,,,,,,,,,X,,,,,,,,,,,,,,,water_surface_height_above_reference_datum,SECOORA.xlsx
SECOORA,30.671251,-81.465813,Fernandina 2,water_level,Y,2021-10-25 00:00:00,Yf,,,,,,,,,,,,X,,,,,,,,,,,,,,,water_surface_height_above_reference_datum,SECOORA.xlsx
SECOORA,26.45342,-82.035519,Sanibel,water_level,Y,2021-12-06 00:00:00,Yf,,,,,,,,,,,,X,,,,,,,,,,,,,,,water_surface_height_above_reference_datum,SECOORA.xlsx
SECOORA,32.374838,-80.83712,Port Royal Sound Foundation SC,water_level,Y,2021-09-14 00:00:00,Yf,,,,,,,,,,,,X,,,,,,,,,,,,,,,water_surface_height_above_reference_datum,SECOORA.xlsx
SECOORA,30.67125,-81.465813,Fernandina 1,water_level,Y,2021-10-17 00:00:00,Yf,,,,,,,,,,,,X,,,,,,,,,,,,,,,water_surface_height_above_reference_datum,SECOORA.xlsx
SECOORA,32.309716,-80.504325,Fripp Island,water_level,Y,2022-03-26 00:00:00,Yf,,,,,,,,,,,,X,,,,,,,,,,,,,,,water_surface_height_above_reference_datum,SECOORA.xlsx
SECOORA,32.429904,-80.671913,City of Beaufort SC,water_level,Y,2021-11-17 00:00:00,Yf,,,,,,,,,,,,X,,,,,,,,,,,,,,,water_surface_height_above_reference_datum,SECOORA.xlsx
SECOORA,34.613029,-76.531174,Cape Lookout National Seashore,water_level,Y,2021-09-22 00:00:00,Yf,,,,,,,,,,,,X,,,,,,,,,,,,,,,water_surface_height_above_reference_datum,SECOORA.xlsx
SECOORA,29.952621,-85.424092,Mexico Beach,water_level,Y,2022-05-11 00:00:00,Yf,,,,,,,,,,,,X,,,,,,,,,,,,,,,water_surface_height_above_reference_datum,SECOORA.xlsx
SECOORA,32.805938,-79.761179,"Isle of Palms, SC",water_level,Y,2021-01-19 00:00:00,Yp,,,,,,,,,,,,X,,,,,,,,,,,,,,,water_surface_height_above_reference_datum,SECOORA.xlsx
SECOORA,33.877024,-77.999887,Bald Head Island,water_level,Y,2021-12-13 00:00:00,Yf,,,,,,,,,,,,X,,,,,,,,,,,,,,,water_surface_height_above_reference_datum,SECOORA.xlsx
SECOORA,33.841315,-78.614711,"North Myrtle Beach, Cherry Grove",water_level,Y,2021-12-02 00:00:00,Yf,,,,,,,,,,,,X,,,,,,,,,,,,,,,water_surface_height_above_reference_datum,SECOORA.xlsx
SECOORA,33.89548,-78.43497,Ocean Isle Beach,water_level,Y,2021-11-13 00:00:00,Yf,,,,,,,,,,,,X,,,,,,,,,,,,,,,water_surface_height_above_reference_datum,SECOORA.xlsx
SECOORA,36.369722,-75.829444,Currituck Co,water_level,Y,2021-12-16 00:00:00,Yf,,,,,,,,,,,,X,,,,,,,,,,,,,,,water_surface_height_above_reference_datum,SECOORA.xlsx
SECOORA,33.34936807,-79.18889438,Oyster Landing (N Inlet Estuary),water_level,Y,2022-07-19 00:00:00,Yf,,,,,,,,,,,,X,,,,,,,,,,,,,,,water_surface_height_above_reference_datum,SECOORA.xlsx
SECOORA,32.79667,-79.96806,"The Citadel, Ashley River, SC",water_level,Y,2022-10-05 00:00:00,Yf,,,,,,,,,,,,X,,,,,,,,,,,,,,,water_surface_height_above_reference_datum,SECOORA.xlsx
SECOORA,34.3396661,-77.7057389,Washington Acres Boat Ramp,water_level,Y,2023-02-19 00:00:00,Yf,,,,,,,,,,,,X,,,,,,,,,,,,,,,water_surface_height_above_reference_datum,SECOORA.xlsx
SECOORA,32.33446844,-80.67190229,Marine Corp Recruit Depot Parris Island,water_level,Y,2022-06-12 00:00:00,Yf,,,,,,,,,,,,X,,,,,,,,,,,,,,,water_surface_height_above_reference_datum,SECOORA.xlsx
SECOORA,34.669579,-77.143256,Hammocks Beach State Park,water_level,Y,2022-07-21 00:00:00,Yf,,,,,,,,,,,,X,,,,,,,,,,,,,,,water_surface_height_above_reference_datum,SECOORA.xlsx
SECOORA,34.0554864,-77.89987,Snow's Cut Bridge,water_level,Y,2022-08-15 00:00:00,Yf,,,,,,,,,,,,X,,,,,,,,,,,,,,,water_surface_height_above_reference_datum,SECOORA.xlsx
SECOORA,35.120045,-77.060177,"New Bern, NC",water_level,Y,2022-08-31 00:00:00,Yf,,,,,,,,,,,,X,,,,,,,,,,,,,,,water_surface_height_above_reference_datum,SECOORA.xlsx
SECOORA,34.497668,-77.413311,North Topsail Beach,water_level,Y,2023-05-24 00:00:00,Yf,,,,,,,,,,,,X,,,,,,,,,,,,,,,water_surface_height_above_reference_datum,SECOORA.xlsx
SECOORA,32.61749008,-80.02300867,"Kiawah Island, SC",water_level,Y,2021-01-19 00:00:00,Yp,,,,,,,,,,,,X,,,,,,,,,,,,,,,water_surface_height_above_reference_datum,SECOORA.xlsx
SECOORA,35.9399,-75.7088,Fort Raleigh National Historic Site,water_level,Y,2022-11-24 00:00:00,Yf,,,,,,,,,,,,X,,,,,,,,,,,,,,,water_surface_height_above_reference_datum,SECOORA.xlsx
SECOORA,33.36593,-79.283542,"Georgetown, South Carolina",water_level,Y,2022-09-02 00:00:00,Yf,,,,,,,,,,,,X,,,,,,,,,,,,,,,water_surface_height_above_reference_datum,SECOORA.xlsx
SECOORA,34.671117,-77.006619,Emerald Isle,water_level,Y,2022-12-22 00:00:00,Yf,,,,,,,,,,,,X,,,,,,,,,,,,,,,water_surface_height_above_reference_datum,SECOORA.xlsx
SECOORA,31.138153,-81.495008,UGA Marine Extension,water_level,Y,2023-07-15 00:00:00,Yf,,,,,,,,,,,,X,,,,,,,,,,,,,,,water_surface_height_above_reference_datum,SECOORA.xlsx
SECOORA,31.150563,-81.476143,Southeast Adventure Outfitters,water_level,N,TBD,,,,,,,,,,,,,X,,,,,,,,,,,,,,,water_surface_height_above_reference_datum,SECOORA.xlsx
SECOORA,31.122826,-81.47747,GA DNR Coastal Resources Division,water_level,N,TBD,,,,,,,,,,,,,X,,,,,,,,,,,,,,,water_surface_height_above_reference_datum,SECOORA.xlsx
SECOORA,30.754312,-81.474231,Cumberland Island Ferry Dock,water_level,N,TBD,,,,,,,,,,,,,X,,,,,,,,,,,,,,,water_surface_height_above_reference_datum,SECOORA.xlsx
SECOORA,30.845234,-81.559815,"Crooked River State Park Boat Ramp, East River",water_level,N,TBD,,,,,,,,,,,,,X,,,,,,,,,,,,,,,water_surface_height_above_reference_datum,SECOORA.xlsx
SECOORA,30.733317,-81.538702,Meeting Street Boat Ramp,water_level,Y,2022-06-25 00:00:00,,,,,,,,,,,,,X,,,,,,,,,,,,,,,water_surface_height_above_reference_datum,SECOORA.xlsx
SECOORA,32.036772,-81.046414,"WE Honey Park, Thunderbolt GA",water_level,N,TBD,,,,,,,,,,,,,X,,,,,,,,,,,,,,,water_surface_height_above_reference_datum,SECOORA.xlsx
SECOORA,32.164495,-81.156289,Houlihan Boat Ramp,water_level,N,TBD,,,,,,,,,,,,,X,,,,,,,,,,,,,,,water_surface_height_above_reference_datum,SECOORA.xlsx
SECOORA,31.94684,-81.066874,Rodney J Hall Boat Ramp on Skidaway River,water_level,N,TBD,,,,,,,,,,,,,X,,,,,,,,,,,,,,,water_surface_height_above_reference_datum,SECOORA.xlsx
SECOORA,31.983613,-81.182671,Hwy 204 at Little Ogeechee River,water_level,N,TBD,,,,,,,,,,,,,X,,,,,,,,,,,,,,,water_surface_height_above_reference_datum,SECOORA.xlsx
SECOORA,31.975591,-81.120039,Truman Parkway at Vernon River,water_level,N,TBD,,,,,,,,,,,,,X,,,,,,,,,,,,,,,water_surface_height_above_reference_datum,SECOORA.xlsx
SECOORA,30.671256,-81.465793,"Fernandina Harbor Marina, wooden walkway between marina office and restaurant.",water_level,Y,2021-10-25 00:00:00,,,,,,,,,,,,,X,,,,,,,,,,,,,,,water_surface_height_above_reference_datum,SECOORA.xlsx
SECOORA,30.719949,-81.548691,St Marys Waterfront Pavilion,water_level,y,2022-02-25 00:00:00,,,,,,,,,,,,,X,,,,,,,,,,,,,,,water_surface_height_above_reference_datum,SECOORA.xlsx
SECOORA,30.759973,-81.525022,North River Causeway,water_level,y,2023-11-22 00:00:00,,,,,,,,,,,,,X,,,,,,,,,,,,,,,water_surface_height_above_reference_datum,SECOORA.xlsx
SECOORA,30.753778,-81.583501,Kingsland St Marys Road,water_level,y,TBD,,,,,,,,,,,,,X,,,,,,,,,,,,,,,water_surface_height_above_reference_datum,SECOORA.xlsx
SECOORA,31.993166,-81.101316,Montgomery Cross Road at Vernon River,water_level,y,2023-05-22 00:00:00,,,,,,,,,,,,,X,,,,,,,,,,,,,,,water_surface_height_above_reference_datum,SECOORA.xlsx
SECOORA,32.006381,-80.851887,Tybee Island 4 H Center Dock,water_level,y,2021-10-02 00:00:00,,,,,,,,,,,,,X,,,,,,,,,,,,,,,water_surface_height_above_reference_datum,SECOORA.xlsx
SECOORA,31.991563,-80.844731,Tybee Island Pier,water_level,y,TBD,,,,,,,,,,,,,X,,,,,,,,,,,,,,,water_surface_height_above_reference_datum,SECOORA.xlsx
SECOORA,31.997192,-80.855209,A-J's Dockside on Tybee Island,water_level,y,TBD,,,,,,,,,,,,,X,,,,,,,,,,,,,,,water_surface_height_above_reference_datum,SECOORA.xlsx
SECOORA,32.03997,-81.203883,Hunt Drive at Burnside Island,water_level,y,2022-02-04 00:00:00,,,,,,,,,,,,,X,,,,,,,,,,,,,,,water_surface_height_above_reference_datum,SECOORA.xlsx
SECOORA,31.936685,-81.102928,Shipyard Road,water_level,y,2022-02-04 00:00:00,,,,,,,,,,,,,X,,,,,,,,,,,,,,,water_surface_height_above_reference_datum,SECOORA.xlsx
SECOORA,31.993082,-81.055977,Solomon Bridge,water_level,y,2022-02-04 00:00:00,,,,,,,,,,,,,X,,,,,,,,,,,,,,,water_surface_height_above_reference_datum,SECOORA.xlsx
SECOORA,32.01831,-80.850964,Hwy 80 at Chimney Creek,water_level,y,2022-02-12 00:00:00,,,,,,,,,,,,,X,,,,,,,,,,,,,,,water_surface_height_above_reference_datum,SECOORA.xlsx
SECOORA,32.020471,-80.991889,Turner Creek Boat Ramp,water_level,y,2022-02-12 00:00:00,,,,,,,,,,,,,X,,,,,,,,,,,,,,,water_surface_height_above_reference_datum,SECOORA.xlsx
SECOORA,32.018171,-80.962163,Walthour Road,water_level,y,2022-02-12 00:00:00,,,,,,,,,,,,,X,,,,,,,,,,,,,,,water_surface_height_above_reference_datum,SECOORA.xlsx
SECOORA,32.014112,-80.884092,Lazaretto Creek Fishing Pier,water_level,y,2022-02-12 00:00:00,,,,,,,,,,,,,X,,,,,,,,,,,,,,,water_surface_height_above_reference_datum,SECOORA.xlsx
SECOORA,32.006419,-80.866956,Catalina Drive,water_level,y,2022-02-12 00:00:00,,,,,,,,,,,,,X,,,,,,,,,,,,,,,water_surface_height_above_reference_datum,SECOORA.xlsx
SECOORA,32.03997,-81.203883,Hwy 17 at Salt Creek,water_level,y,2022-03-15 00:00:00,,,,,,,,,,,,,X,,,,,,,,,,,,,,,water_surface_height_above_reference_datum,SECOORA.xlsx
