RA,Latitude,Longitude,Platform,Operational,RA_Funded,Water_temp,Salinity,Wtr_press,Dew_pt,Rel_hum,Air_temp,Winds,Air_press,Precip,Solar_radn,Visibility,Water_level,Waves,Currents,Turbidity,DO,pCO2_water,pCO2_air,TCO2,pH,OmgArag_st,Chl,Nitrate,CDOM,Alkalinity,Acoustics,Raw_Vars,geometry
MARACOOS,38.796,-76.7208,fixed,Y,N,X,,,,,,,,,,,,,,X,X,,,,,,,,,,,"Fractional_saturation_of_oxygen_in_sea_water, mass_concentration_of_oxygen_in_sea_water, sea_water_ph_reported_on_total_scale, sea_water_practical_salinity, sea_water_temperature, sea_water_turbidity",POINT (-76.7208 38.796)
MARACOOS,38.7813,-76.7137,fixed,Y,N,X,,,,,,,,,,,,,,X,X,,,,,,,,,,,"Fractional_saturation_of_oxygen_in_sea_water, mass_concentration_of_oxygen_in_sea_water, sea_water_ph_reported_on_total_scale, sea_water_practical_salinity, sea_water_temperature, sea_water_turbidity",POINT (-76.7137 38.7813)
MARACOOS,38.7433,-76.7074,fixed,Y,N,X,,,,,,,,,,,,,,X,X,,,,,,,,,,,"Fractional_saturation_of_oxygen_in_sea_water, mass_concentration_of_oxygen_in_sea_water, sea_water_ph_reported_on_total_scale, sea_water_practical_salinity, sea_water_temperature, sea_water_turbidity",POINT (-76.70740000000001 38.7433)
MARACOOS,39.2854,-76.6088,fixed,Y,N,X,,,,,,,,,,,,,,X,X,,,,,,,,,,,"Fractional_saturation_of_oxygen_in_sea_water, mass_concentration_of_oxygen_in_sea_water, sea_water_ph_reported_on_total_scale, sea_water_practical_salinity, sea_water_temperature, sea_water_turbidity",POINT (-76.6088 39.2854)
MARACOOS,39.2855,-76.608,fixed,Y,N,X,,,,,,,,,,,,,,X,X,,,,,,,,,,,"Fractional_saturation_of_oxygen_in_sea_water, mass_concentration_of_oxygen_in_sea_water, sea_water_ph_reported_on_total_scale, sea_water_practical_salinity, sea_water_temperature, sea_water_turbidity",POINT (-76.608 39.2855)
MARACOOS,39.2282,-76.4006,fixed,Y,N,X,,,,,,,,,,,,,,X,X,,,,,,,,,,,"Fractional_saturation_of_oxygen_in_sea_water, mass_concentration_of_oxygen_in_sea_water, sea_water_ph_reported_on_total_scale, sea_water_practical_salinity, sea_water_temperature, sea_water_turbidity",POINT (-76.4006 39.2282)
MARACOOS,39.0075,-76.4003,fixed,Y,N,X,,,,,,,,,,,,,,X,X,,,,,,,,,,,"Fractional_saturation_of_oxygen_in_sea_water, mass_concentration_of_oxygen_in_sea_water, sea_water_ph_reported_on_total_scale, sea_water_practical_salinity, sea_water_temperature, sea_water_turbidity",POINT (-76.4003 39.0075)
MARACOOS,38.7037,-76.3453,fixed,Y,N,X,,,,,,,,,,,,,,X,X,,,,,,,,,,,"Fractional_saturation_of_oxygen_in_sea_water, mass_concentration_of_oxygen_in_sea_water, sea_water_ph_reported_on_total_scale, sea_water_practical_salinity, sea_water_temperature, sea_water_turbidity",POINT (-76.34529999999999 38.7037)
MARACOOS,38.4418,-76.3029,fixed,Y,N,X,,,,,,,,,,,,,,X,X,,,,,,,,,,,"Fractional_saturation_of_oxygen_in_sea_water, mass_concentration_of_oxygen_in_sea_water, sea_water_ph_reported_on_total_scale, sea_water_practical_salinity, sea_water_temperature, sea_water_turbidity",POINT (-76.30289999999999 38.4418)
MARACOOS,39.4508,-76.2746,fixed,Y,N,X,,,,,,,,,,,,,,X,X,,,,,,,,,,,"Fractional_saturation_of_oxygen_in_sea_water, mass_concentration_of_oxygen_in_sea_water, sea_water_ph_reported_on_total_scale, sea_water_practical_salinity, sea_water_temperature, sea_water_turbidity",POINT (-76.27460000000001 39.4508)
MARACOOS,39.2135,-76.2462,fixed,Y,N,X,,,,,,,,,,,,,,X,X,,,,,,,,,,,"Fractional_saturation_of_oxygen_in_sea_water, mass_concentration_of_oxygen_in_sea_water, sea_water_ph_reported_on_total_scale, sea_water_practical_salinity, sea_water_temperature, sea_water_turbidity",POINT (-76.2462 39.2135)
MARACOOS,39.3539,-76.1296,fixed,Y,N,X,,,,,,,,,,,,,,X,X,,,,,,,,,,,"Fractional_saturation_of_oxygen_in_sea_water, mass_concentration_of_oxygen_in_sea_water, sea_water_ph_reported_on_total_scale, sea_water_practical_salinity, sea_water_temperature, sea_water_turbidity",POINT (-76.1296 39.3539)
MARACOOS,39.3723,-75.8399,fixed,Y,N,X,,,,,,,,,,,,,,X,X,,,,,,,,,,,"Fractional_saturation_of_oxygen_in_sea_water, mass_concentration_of_oxygen_in_sea_water, sea_water_ph_reported_on_total_scale, sea_water_practical_salinity, sea_water_temperature, sea_water_turbidity",POINT (-75.8399 39.3723)
MARACOOS,38.2086,-75.8046,fixed,Y,N,X,,,,,,,,,,,,,,X,X,,,,,,,,,,,"Fractional_saturation_of_oxygen_in_sea_water, mass_concentration_of_oxygen_in_sea_water, sea_water_ph_reported_on_total_scale, sea_water_practical_salinity, sea_water_temperature, sea_water_turbidity",POINT (-75.80459999999999 38.2086)
MARACOOS,39.677,-75.754,fixed_satellite,Y,Yp,,,,,,,,,,,,,,,,,,,,,,,,,,,All Standard GOES products,POINT (-75.754 39.677)
MARACOOS,39.677,-75.754,fixed_satellite,Y,Yp,,,,,,,,,,,,,,,,,,,,,,,,,,,"Satellite Imagery from AVHRR, MODIS, VIIRS (SST, Ocean Color, etc)",POINT (-75.754 39.677)
MARACOOS,38.1483,-75.2862,fixed,Y,N,X,,,,,,,,,,,,,,X,X,,,,,,,,,,,"Fractional_saturation_of_oxygen_in_sea_water, mass_concentration_of_oxygen_in_sea_water, sea_water_ph_reported_on_total_scale, sea_water_practical_salinity, sea_water_temperature, sea_water_turbidity",POINT (-75.28619999999999 38.1483)
MARACOOS,38.2674,-75.1981,fixed,Y,N,X,,,,,,,,,,,,,,X,X,,,,,,,,,,,"Fractional_saturation_of_oxygen_in_sea_water, mass_concentration_of_oxygen_in_sea_water, sea_water_ph_reported_on_total_scale, sea_water_practical_salinity, sea_water_temperature, sea_water_turbidity",POINT (-75.1981 38.2674)
MARACOOS,38.424,-75.1886,fixed,Y,N,X,,,,,,,,,,,,,,X,X,,,,,,,,,,,"Fractional_saturation_of_oxygen_in_sea_water, mass_concentration_of_oxygen_in_sea_water, sea_water_ph_reported_on_total_scale, sea_water_practical_salinity, sea_water_temperature, sea_water_turbidity",POINT (-75.18859999999999 38.424)
MARACOOS,38.449,-75.1325,fixed,Y,N,X,,,,,,,,,,,,,,X,X,,,,,,,,,,,"Fractional_saturation_of_oxygen_in_sea_water, mass_concentration_of_oxygen_in_sea_water, sea_water_ph_reported_on_total_scale, sea_water_practical_salinity, sea_water_temperature, sea_water_turbidity",POINT (-75.13249999999999 38.449)
MARACOOS,40.4795,-74.4367,fixed_satellite,Y,Yp,,,,,,,,,,,,,,,,,,,,,,,,,,,"Satellite Imagery from AVHRR, MODIS, VIIRS (SST, Ocean Color, etc)",POINT (-74.4367 40.4795)
MARACOOS,40.721538,-74.0156,fixed,Y,N,X,,,X,X,X,X,X,X,,,,,,X,X,,,,,,,,,,,"air_pressure, air_temperature, dew_point_temperature, dissolved_oxygen_saturation, precipitation_amount, dissolved_oxygen, relative_humidity, sea_water_electrical_conductivity, sea_water_practical_salinity, sea_water_ph_reported_on_total_scale, sea_water_temperature, sea_water_turbidity, wind_from_direction, wind_speed",POINT (-74.01560000000001 40.721538)
MARACOOS,40.764628,-74.003186,fixed,Y,N,X,,,X,X,X,X,X,X,,,,,,X,X,,,,,,,,,,,"air_pressure, air_temperature, dew_point_temperature, dissolved_oxygen_saturation, precipitation_amount, dissolved_oxygen, relative_humidity, sea_water_electrical_conductivity, sea_water_practical_salinity, sea_water_ph_reported_on_total_scale, sea_water_temperature, sea_water_turbidity, wind_from_direction, wind_speed",POINT (-74.003186 40.764628)
MARACOOS,42.8302,-73.9925,fixed,Y,N,,,,X,X,X,X,X,X,X,,,,,,,,,,,,,,,,,"air_pressure, air_temperature, dew_point_temperature, relative_humidity,  wind_from_direction, wind_direction_standard_deviation, wind_gust, wind_speed, surface_upwelling_photosynthetic_photon_flux_in_air, precipitation_amount, surface_upwelling_photosynthetic_photon_flux_in_air",POINT (-73.99250000000001 42.8302)
MARACOOS,42.8281,-73.9904,fixed,Y,N,X,,,,,,,,,,,X,,,X,X,,,,,,,,,,,"dissolved_oxygen_saturation, dissolved_oxygen, sea_water_electrical_conductivity, sea_water_practical_salinity, sea_water_ph_reported_on_total_scale, sea_water_temperature, sea_water_turbidity, water_level_observed",POINT (-73.99039999999999 42.8281)
MARACOOS,41.3861,-73.955,fixed,Y,N,X,,,,,,,,,,,,,,X,X,,,,,,,,,,,"dissolved_oxygen_saturation, dissolved_oxygen, sea_water_electrical_conductivity, sea_water_practical_salinity, sea_water_ph_reported_on_total_scale, sea_water_temperature, sea_water_turbidity, ",POINT (-73.955 41.3861)
MARACOOS,41.831876,-73.941606,fixed,Y,N,X,,,X,X,X,,X,X,X,,,,,X,X,,,,,,X,,,,,"air_pressure, air_temperature, dew_point_temperature, dissolved_oxygen_saturation, precipitation_amount, dissolved_oxygen, relative_humidity, mass_concentration_of_chlorophyll_a_in_sea_water, sea_water_electrical_conductivity, sea_water_practical_salinity, sea_water_ph_reported_on_total_scale, sea_water_temperature, sea_water_turbidity, surface_upwelling_photosynthetic_photon_flux_in_air",POINT (-73.94160599999999 41.831876)
MARACOOS,42.851,-73.887,fixed,Y,N,X,,,,,,,,,,,X,,,X,X,,,,,,,,,,,"dissolved_oxygen_saturation, dissolved_oxygen, sea_water_electrical_conductivity, sea_water_practical_salinity, sea_water_ph_reported_on_total_scale, sea_water_temperature, sea_water_turbidity, water_level_observed",POINT (-73.887 42.851)
MARACOOS,42.5012,-73.780381,fixed,Y,N,,,,X,X,X,X,X,X,X,,,,,,,,,,,,,,,,,"air_pressure, air_temperature, dew_point_temperature, relative_humidity,  wind_from_direction, wind_direction_standard_deviation, wind_gust, wind_speed, surface_upwelling_photosynthetic_photon_flux_in_air, precipitation_amount, surface_upwelling_photosynthetic_photon_flux_in_air",POINT (-73.78038100000001 42.5012)
MARACOOS,42.4996,-73.7768,fixed,Y,N,X,,,,,,,,,,,X,,,X,X,,,,,,,,,,,"dissolved_oxygen_saturation, dissolved_oxygen, sea_water_electrical_conductivity, sea_water_practical_salinity, sea_water_ph_reported_on_total_scale, sea_water_temperature, sea_water_turbidity, water_level_observed",POINT (-73.77679999999999 42.4996)
MARACOOS,42.61954,-73.7589,fixed,Y,N,X,,,X,X,X,X,X,X,X,,,,,X,X,,,,,,,,,,,"air_pressure, air_temperature, dew_point_temperature, dissolved_oxygen_saturation, precipitation_amount, dissolved_oxygen, relative_humidity, sea_water_electrical_conductivity, sea_water_practical_salinity, sea_water_ph_reported_on_total_scale, sea_water_temperature, sea_water_turbidity, wind_from_direction, wind_speed, surface_upwelling_photosynthetic_photon_flux_in_air",POINT (-73.7589 42.61954)
MARACOOS,41.043,-73.896,fixed,Y,N,X,,,X,X,X,X,X,X,,,,,,X,X,,,,,,,,,,,"air_pressure, air_temperature, dew_point_temperature, dissolved_oxygen_saturation, precipitation_amount, dissolved_oxygen, relative_humidity, sea_water_electrical_conductivity, sea_water_practical_salinity, sea_water_ph_reported_on_total_scale, sea_water_temperature, sea_water_turbidity, wind_from_direction, wind_speed",POINT (-73.896 41.043)
MARACOOS,41.7206,-73.9388,fixed,Y,N,X,,,,,,,,,,,X,,,X,X,,,,,,,,,,,"dissolved_oxygen_saturation, dissolved_oxygen, sea_water_electrical_conductivity, sea_water_practical_salinity, sea_water_ph_reported_on_total_scale, sea_water_temperature, sea_water_turbidity, water_level_observed",POINT (-73.9388 41.7206)
MARACOOS,39.2447,-76.5972,fixed,Y,N,X,,,,,,,,,,,,,,X,X,,,,,,,,,,,"Fractional_saturation_of_oxygen_in_sea_water, mass_concentration_of_oxygen_in_sea_water, sea_water_ph_reported_on_total_scale, sea_water_practical_salinity, sea_water_temperature, sea_water_turbidity",POINT (-76.5972 39.2447)
MARACOOS,39.2717,-73.8892,buoy and mooring,Y,N,X,,X,,X,X,X,X,,,,,X,X,,,,,,,,,,,,,"air_pressure, air_temperature, relative_humidity, wind_from_direction, wind_speed, wind_speed_of_gust, sea_water_practical_salinity, sea_water_temperature (1m, 2m, 32m), sea_water velocity_to_direction (3D),  sea_water_speed (3D), sea_surface_wave_from_direction, sea_surface_wave_mean_period, sea_surface_wave_significant_height, sea_water_pressure",POINT (-73.8892 39.2717)
MARACOOS,36.90463,-75.71265,fixed,N,N,,,,,,,X,,,,,,,,,,,,,,,,,,,," wind_from_direction, wind_speed, wind_speed_of_gust",POINT (-75.71265 36.90463)
MARACOOS,36.94523,-76.39145,fixed,Y,N,,,,,,,X,,,,,,,,,,,,,,,,,,,," wind_from_direction, wind_speed, wind_speed_of_gust",POINT (-76.39145000000001 36.94523)
MARACOOS,37.78799,-75.9735,fixed,Y,N,,,,,,,X,,,,,,,,,,,,,,,,,,,," wind_from_direction, wind_speed, wind_speed_of_gust",POINT (-75.9735 37.78799)
MARACOOS,36.9178,-76.09045,fixed,Y,N,,,,,,,X,,,,,,,,,,,,,,,,,,,," wind_from_direction, wind_speed, wind_speed_of_gust",POINT (-76.09045 36.9178)
MARACOOS,38.32699,-75.08321,fixed,Y,N,,,,,,,X,,,,,,,,,,,,,,,,,,,," wind_from_direction, wind_speed, wind_speed_of_gust",POINT (-75.08320999999999 38.32699)
MARACOOS,36.92706,-76.00665,fixed,Y,N,,,,,,,X,,,,,,,,,,,,,,,,,,,," wind_from_direction, wind_speed, wind_speed_of_gust",POINT (-76.00664999999999 36.92706)
MARACOOS,37.60166,-75.68974,fixed,N,N,,,,,,,X,,,,,,,,,,,,,,,,,,,," wind_from_direction, wind_speed, wind_speed_of_gust",POINT (-75.68974 37.60166)
MARACOOS,36.58971,-76.02099,fixed,Y,N,,,,,,,X,,,,,,,,,,,,,,,,,,,," wind_from_direction, wind_speed, wind_speed_of_gust",POINT (-76.02099 36.58971)
MARACOOS,37.03652,-76.07666,fixed,Y,N,,,,,,,X,,,,,,,,,,,,,,,,,,,," wind_from_direction, wind_speed, wind_speed_of_gust",POINT (-76.07666 37.03652)
MARACOOS,36.83037,-75.96657,fixed,Y,N,,,,,,,X,,,,,,,,,,,,,,,,,,,," wind_from_direction, wind_speed, wind_speed_of_gust",POINT (-75.96657 36.83037)
MARACOOS,39.34873,-76.17579,fixed,Y,N,,X,,,,,,,,,,,,,,X,,,,,,,,,,,"latitude, longitude, depth, Chlorophyll, sea_water_salinity, sea_water_ph, dissolved_oxygen, water_temperature",POINT (-76.17579000000001 39.34873)
MARACOOS,39.2495,-76.2405,fixed,Y,N,,X,,,,,,,,,,,,,,X,,,,,,,,,,,"latitude, longitude, depth, Chlorophyll, sea_water_salinity, sea_water_ph, dissolved_oxygen, water_temperature",POINT (-76.2405 39.2495)
MARACOOS,39.16369,-76.30631,fixed,Y,N,,X,,,,,,,,,,,,,,X,,,,,,,,,,,"latitude, longitude, depth, Chlorophyll, sea_water_salinity, sea_water_ph, dissolved_oxygen, water_temperature",POINT (-76.30631 39.16369)
MARACOOS,38.99596,-76.35967,fixed,Y,N,,X,,,,,,,,,,,,,,X,,,,,,,,,X,,"sea_water_alkalinity_expressed_as_mole_equivalent, latitude, longitude, depth, Chlorophyll, sea_water_salinity, sea_water_ph, dissolved_oxygen, water_temperature",POINT (-76.35966999999999 38.99596)
MARACOOS,39.00412,-76.34517,fixed,Y,N,,X,,,,,,,,,,,,,,X,,,,,,,,,,,"latitude, longitude, depth, Chlorophyll, sea_water_salinity, sea_water_ph, dissolved_oxygen, water_temperature",POINT (-76.34517 39.00412)
MARACOOS,39.00462,-76.3881,fixed,Y,N,,X,,,,,,,,,,,,,,X,,,,,,,,,,,"latitude, longitude, depth, Chlorophyll, sea_water_salinity, sea_water_ph, dissolved_oxygen, water_temperature",POINT (-76.38809999999999 39.00462)
MARACOOS,38.82593,-76.39945,fixed,Y,N,,X,,,,,,,,,,,,,,X,,,,,,,,,,,"latitude, longitude, depth, Chlorophyll, sea_water_salinity, sea_water_ph, dissolved_oxygen, water_temperature",POINT (-76.39945 38.82593)
MARACOOS,38.81809,-76.37144,fixed,Y,N,,X,,,,,,,,,,,,,,X,,,,,,,,,,,"latitude, longitude, depth, Chlorophyll, sea_water_salinity, sea_water_ph, dissolved_oxygen, water_temperature",POINT (-76.37144000000001 38.81809)
MARACOOS,38.81498,-76.46272,fixed,Y,N,,X,,,,,,,,,,,,,,X,,,,,,,,,,,"latitude, longitude, depth, Chlorophyll, sea_water_salinity, sea_water_ph, dissolved_oxygen, water_temperature",POINT (-76.46272 38.81498)
MARACOOS,38.64618,-76.42127,fixed,Y,N,,X,,,,,,,,,,,,,,X,,,,,,,,,,,"latitude, longitude, depth, Chlorophyll, sea_water_salinity, sea_water_ph, dissolved_oxygen, water_temperature",POINT (-76.42127000000001 38.64618)
MARACOOS,38.64498,-76.40131,fixed,Y,N,,X,,,,,,,,,,,,,,X,,,,,,,,,,,"latitude, longitude, depth, Chlorophyll, sea_water_salinity, sea_water_ph, dissolved_oxygen, water_temperature",POINT (-76.40131 38.64498)
MARACOOS,38.64354,-76.50217,fixed,Y,N,,X,,,,,,,,,,,,,,X,,,,,,,,,,,"latitude, longitude, depth, Chlorophyll, sea_water_salinity, sea_water_ph, dissolved_oxygen, water_temperature",POINT (-76.50217000000001 38.64354)
MARACOOS,38.55505,-76.42794,fixed,Y,N,,X,,,,,,,,,,,,,,X,,,,,,,,,,,"latitude, longitude, depth, Chlorophyll, sea_water_salinity, sea_water_ph, dissolved_oxygen, water_temperature",POINT (-76.42794000000001 38.55505)
MARACOOS,38.55624,-76.39121,fixed,Y,N,,X,,,,,,,,,,,,,,X,,,,,,,,,,,"latitude, longitude, depth, Chlorophyll, sea_water_salinity, sea_water_ph, dissolved_oxygen, water_temperature",POINT (-76.39121 38.55624)
MARACOOS,38.55728,-76.49402,fixed,Y,N,,X,,,,,,,,,,,,,,X,,,,,,,,,,,"latitude, longitude, depth, Chlorophyll, sea_water_salinity, sea_water_ph, dissolved_oxygen, water_temperature",POINT (-76.49402000000001 38.55728)
MARACOOS,38.41457,-76.34565,fixed,Y,N,,X,,,,,,,,,,,,,,X,,,,,,,,,,,"latitude, longitude, depth, Chlorophyll, sea_water_salinity, sea_water_ph, dissolved_oxygen, water_temperature",POINT (-76.34565000000001 38.41457)
MARACOOS,38.3187,-76.29215,fixed,Y,N,,X,,,,,,,,,,,,,,X,,,,,,,,,X,,"sea_water_alkalinity_expressed_as_mole_equivalent, latitude, longitude, depth, Chlorophyll, sea_water_salinity, sea_water_ph, dissolved_oxygen, water_temperature",POINT (-76.29215000000001 38.3187)
MARACOOS,38.32522,-76.37574,fixed,Y,N,,X,,,,,,,,,,,,,,X,,,,,,,,,X,,"sea_water_alkalinity_expressed_as_mole_equivalent, latitude, longitude, depth, Chlorophyll, sea_water_salinity, sea_water_ph, dissolved_oxygen, water_temperature",POINT (-76.37573999999999 38.32522)
MARACOOS,38.13705,-76.22787,fixed,Y,N,,X,,,,,,,,,,,,,,X,,,,,,,,,,,"latitude, longitude, depth, Chlorophyll, sea_water_salinity, sea_water_ph, dissolved_oxygen, water_temperature",POINT (-76.22787 38.13705)
MARACOOS,37.91011,-76.17137,fixed,Y,N,,X,,,,,,,,,,,,,,X,,,,,,,,,,,"latitude, longitude, depth, Chlorophyll, sea_water_salinity, sea_water_ph, dissolved_oxygen, water_temperature",POINT (-76.17137 37.91011)
MARACOOS,37.80013,-76.17466,fixed,Y,N,,X,,,,,,,,,,,,,,X,,,,,,,,,,,"latitude, longitude, depth, Chlorophyll, sea_water_salinity, sea_water_ph, dissolved_oxygen, water_temperature",POINT (-76.17466 37.80013)
MARACOOS,37.81347,-76.29467,fixed,Y,N,,X,,,,,,,,,,,,,,X,,,,,,,,,,,"latitude, longitude, depth, Chlorophyll, sea_water_salinity, sea_water_ph, dissolved_oxygen, water_temperature",POINT (-76.29467 37.81347)
MARACOOS,37.6918,-76.18967,fixed,Y,N,,X,,,,,,,,,,,,,,X,,,,,,,,,,,"latitude, longitude, depth, Chlorophyll, sea_water_salinity, sea_water_ph, dissolved_oxygen, water_temperature",POINT (-76.18967000000001 37.6918)
MARACOOS,37.58847,-76.16216,fixed,Y,N,,X,,,,,,,,,,,,,,X,,,,,,,,,,,"latitude, longitude, depth, Chlorophyll, sea_water_salinity, sea_water_ph, dissolved_oxygen, water_temperature",POINT (-76.16216 37.58847)
MARACOOS,37.4868,-76.15633,fixed,Y,N,,X,,,,,,,,,,,,,,X,,,,,,,,,,,"latitude, longitude, depth, Chlorophyll, sea_water_salinity, sea_water_ph, dissolved_oxygen, water_temperature",POINT (-76.15633 37.4868)
MARACOOS,37.41153,-76.15966,fixed,Y,N,,X,,,,,,,,,,,,,,X,,,,,,,,,,,"latitude, longitude, depth, Chlorophyll, sea_water_salinity, sea_water_ph, dissolved_oxygen, water_temperature",POINT (-76.15966 37.41153)
MARACOOS,37.23653,-76.20799,fixed,Y,N,,X,,,,,,,,,,,,,,X,,,,,,,,,,,"latitude, longitude, depth, Chlorophyll, sea_water_salinity, sea_water_ph, dissolved_oxygen, water_temperature",POINT (-76.20799 37.23653)
MARACOOS,37.68346,-75.98966,fixed,Y,N,,X,,,,,,,,,,,,,,X,,,,,,,,,,,"latitude, longitude, depth, Chlorophyll, sea_water_salinity, sea_water_ph, dissolved_oxygen, water_temperature",POINT (-75.98966 37.68346)
MARACOOS,37.77513,-75.97466,fixed,Y,N,,X,,,,,,,,,,,,,,X,,,,,,,,,,,"latitude, longitude, depth, Chlorophyll, sea_water_salinity, sea_water_ph, dissolved_oxygen, water_temperature",POINT (-75.97466 37.77513)
MARACOOS,37.58124,-76.05799,fixed,Y,N,,X,,,,,,,,,,,,,,X,,,,,,,,,,,"latitude, longitude, depth, Chlorophyll, sea_water_salinity, sea_water_ph, dissolved_oxygen, water_temperature",POINT (-76.05799 37.58124)
MARACOOS,37.41153,-76.07966,fixed,Y,N,,X,,,,,,,,,,,,,,X,,,,,,,,,,,"latitude, longitude, depth, Chlorophyll, sea_water_salinity, sea_water_ph, dissolved_oxygen, water_temperature",POINT (-76.07966 37.41153)
MARACOOS,37.41153,-76.02466,fixed,Y,N,,X,,,,,,,,,,,,,,X,,,,,,,,,,,"latitude, longitude, depth, Chlorophyll, sea_water_salinity, sea_water_ph, dissolved_oxygen, water_temperature",POINT (-76.02466 37.41153)
MARACOOS,37.11681,-76.12521,fixed,Y,N,,X,,,,,,,,,,,,,,X,,,,,,,,,,,"latitude, longitude, depth, Chlorophyll, sea_water_salinity, sea_water_ph, dissolved_oxygen, water_temperature",POINT (-76.12521 37.11681)
MARACOOS,37.22875,-76.05383,fixed,Y,N,,X,,,,,,,,,,,,,,X,,,,,,,,,,,"latitude, longitude, depth, Chlorophyll, sea_water_salinity, sea_water_ph, dissolved_oxygen, water_temperature",POINT (-76.05383 37.22875)
MARACOOS,36.9957,-76.02048,fixed,Y,N,,X,,,,,,,,,,,,,,X,,,,,,,,,,,"latitude, longitude, depth, Chlorophyll, sea_water_salinity, sea_water_ph, dissolved_oxygen, water_temperature",POINT (-76.02048000000001 36.9957)
MARACOOS,37.06237,-75.99937,fixed,Y,N,,X,,,,,,,,,,,,,,X,,,,,,,,,,,"latitude, longitude, depth, Chlorophyll, sea_water_salinity, sea_water_ph, dissolved_oxygen, water_temperature",POINT (-75.99937 37.06237)
MARACOOS,36.99542,-76.16772,fixed,Y,N,,X,,,,,,,,,,,,,,X,,,,,,,,,,,"latitude, longitude, depth, Chlorophyll, sea_water_salinity, sea_water_ph, dissolved_oxygen, water_temperature",POINT (-76.16772 36.99542)
MARACOOS,36.94737,-76.03494,fixed,Y,N,,X,,,,,,,,,,,,,,X,,,,,,,,,,,"latitude, longitude, depth, Chlorophyll, sea_water_salinity, sea_water_ph, dissolved_oxygen, water_temperature",POINT (-76.03494000000001 36.94737)
MARACOOS,38.88,-76.2515,fixed,Y,N,,X,,,,,,,,,,,,,,X,,,,,,,,,X,,"sea_water_alkalinity_expressed_as_mole_equivalent, latitude, longitude, depth, Chlorophyll, sea_water_salinity, sea_water_ph, dissolved_oxygen, water_temperature",POINT (-76.25149999999999 38.88)
MARACOOS,38.6549,-76.2643,fixed,Y,N,,X,,,,,,,,,,,,,,X,,,,,,,,,,,"latitude, longitude, depth, Chlorophyll, sea_water_salinity, sea_water_ph, dissolved_oxygen, water_temperature",POINT (-76.26430000000001 38.6549)
MARACOOS,38.52609,-76.30408,fixed,Y,N,,X,,,,,,,,,,,,,,X,,,,,,,,,,,"latitude, longitude, depth, Chlorophyll, sea_water_salinity, sea_water_ph, dissolved_oxygen, water_temperature",POINT (-76.30408 38.52609)
MARACOOS,38.19685,-75.97321,fixed,Y,N,,X,,,,,,,,,,,,,,X,,,,,,,,,,,"latitude, longitude, depth, Chlorophyll, sea_water_salinity, sea_water_ph, dissolved_oxygen, water_temperature",POINT (-75.97320999999999 38.19685)
MARACOOS,37.98139,-75.92423,fixed,Y,N,,X,,,,,,,,,,,,,,X,,,,,,,,,,,"latitude, longitude, depth, Chlorophyll, sea_water_salinity, sea_water_ph, dissolved_oxygen, water_temperature",POINT (-75.92422999999999 37.98139)
MARACOOS,37.91455,-75.80148,fixed,Y,N,,X,,,,,,,,,,,,,,X,,,,,,,,,,,"latitude, longitude, depth, Chlorophyll, sea_water_salinity, sea_water_ph, dissolved_oxygen, water_temperature",POINT (-75.80148 37.91455)
MARACOOS,37.90846,-75.79132,fixed,Y,N,,X,,,,,,,,,,,,,,X,,,,,,,,,,,"latitude, longitude, depth, Chlorophyll, sea_water_salinity, sea_water_ph, dissolved_oxygen, water_temperature",POINT (-75.79132 37.90846)
MARACOOS,37.79652,-75.84438,fixed,Y,N,,X,,,,,,,,,,,,,,X,,,,,,,,,,,"latitude, longitude, depth, Chlorophyll, sea_water_salinity, sea_water_ph, dissolved_oxygen, water_temperature",POINT (-75.84438 37.79652)
MARACOOS,38.99233,-76.2151,fixed,Y,N,,X,,,,,,,,,,,,,,X,,,,,,,,,,,"latitude, longitude, depth, Chlorophyll, sea_water_salinity, sea_water_ph, dissolved_oxygen, water_temperature",POINT (-76.21510000000001 38.99233)
MARACOOS,38.5807,-76.0587,fixed,Y,N,,X,,,,,,,,,,,,,,X,,,,,,,,,X,,"sea_water_alkalinity_expressed_as_mole_equivalent, latitude, longitude, depth, Chlorophyll, sea_water_salinity, sea_water_ph, dissolved_oxygen, water_temperature",POINT (-76.0587 38.5807)
MARACOOS,38.42535,-76.60176,fixed,Y,N,,X,,,,,,,,,,,,,,X,,,,,,,,,X,,"sea_water_alkalinity_expressed_as_mole_equivalent, latitude, longitude, depth, Chlorophyll, sea_water_salinity, sea_water_ph, dissolved_oxygen, water_temperature",POINT (-76.60176 38.42535)
MARACOOS,38.37887,-76.51132,fixed,Y,N,,X,,,,,,,,,,,,,,X,,,,,,,,,X,,"sea_water_alkalinity_expressed_as_mole_equivalent, latitude, longitude, depth, Chlorophyll, sea_water_salinity, sea_water_ph, dissolved_oxygen, water_temperature",POINT (-76.51132 38.37887)
MARACOOS,38.3398,-76.4849,fixed,Y,N,,X,,,,,,,,,,,,,,X,,,,,,,,,X,,"sea_water_alkalinity_expressed_as_mole_equivalent, latitude, longitude, depth, Chlorophyll, sea_water_salinity, sea_water_ph, dissolved_oxygen, water_temperature",POINT (-76.4849 38.3398)
MARACOOS,38.312,-76.42151,fixed,Y,N,,X,,,,,,,,,,,,,,X,,,,,,,,,X,,"sea_water_alkalinity_expressed_as_mole_equivalent, latitude, longitude, depth, Chlorophyll, sea_water_salinity, sea_water_ph, dissolved_oxygen, water_temperature",POINT (-76.42151 38.312)
MARACOOS,38.1576,-76.598,fixed,Y,N,,X,,,,,,,,,,,,,,X,,,,,,,,,,,"latitude, longitude, depth, Chlorophyll, sea_water_salinity, sea_water_ph, dissolved_oxygen, water_temperature",POINT (-76.598 38.1576)
MARACOOS,38.0215,-76.3477,fixed,Y,N,,X,,,,,,,,,,,,,,X,,,,,,,,,,,"latitude, longitude, depth, Chlorophyll, sea_water_salinity, sea_water_ph, dissolved_oxygen, water_temperature",POINT (-76.3477 38.0215)
MARACOOS,37.75925,-76.61592,fixed,Y,N,,X,,,,,,,,,,,,,,X,,,,,,,,,X,,"sea_water_alkalinity_expressed_as_mole_equivalent, latitude, longitude, depth, Chlorophyll, sea_water_salinity, sea_water_ph, dissolved_oxygen, water_temperature",POINT (-76.61592 37.75925)
MARACOOS,37.66914,-76.55047,fixed,Y,N,,X,,,,,,,,,,,,,,X,,,,,,,,,X,,"sea_water_alkalinity_expressed_as_mole_equivalent, latitude, longitude, depth, Chlorophyll, sea_water_salinity, sea_water_ph, dissolved_oxygen, water_temperature",POINT (-76.55047 37.66914)
MARACOOS,37.68842,-76.47442,fixed,Y,N,,X,,,,,,,,,,,,,,X,,,,,,,,,X,,"sea_water_alkalinity_expressed_as_mole_equivalent, latitude, longitude, depth, Chlorophyll, sea_water_salinity, sea_water_ph, dissolved_oxygen, water_temperature",POINT (-76.47441999999999 37.68842)
MARACOOS,37.63189,-76.44486,fixed,Y,N,,X,,,,,,,,,,,,,,X,,,,,,,,,X,,"sea_water_alkalinity_expressed_as_mole_equivalent, latitude, longitude, depth, Chlorophyll, sea_water_salinity, sea_water_ph, dissolved_oxygen, water_temperature",POINT (-76.44486000000001 37.63189)
MARACOOS,37.5968,-76.28467,fixed,Y,N,,X,,,,,,,,,,,,,,X,,,,,,,,,,,"latitude, longitude, depth, Chlorophyll, sea_water_salinity, sea_water_ph, dissolved_oxygen, water_temperature",POINT (-76.28467000000001 37.5968)
MARACOOS,37.53069,-76.30661,fixed,Y,N,,X,,,,,,,,,,,,,,X,,,,,,,,,,,"latitude, longitude, depth, Chlorophyll, sea_water_salinity, sea_water_ph, dissolved_oxygen, water_temperature",POINT (-76.30661000000001 37.53069)
MARACOOS,37.41883,-76.69125,fixed,Y,N,,X,,,,,,,,,,,,,,X,,,,,,,,,X,,"sea_water_alkalinity_expressed_as_mole_equivalent, latitude, longitude, depth, Chlorophyll, sea_water_salinity, sea_water_ph, dissolved_oxygen, water_temperature",POINT (-76.69125 37.41883)
MARACOOS,37.29044,-76.57811,fixed,Y,N,,X,,,,,,,,,,,,,,X,,,,,,,,,X,,"sea_water_alkalinity_expressed_as_mole_equivalent, latitude, longitude, depth, Chlorophyll, sea_water_salinity, sea_water_ph, dissolved_oxygen, water_temperature",POINT (-76.57811 37.29044)
MARACOOS,37.23392,-76.43094,fixed,Y,N,,X,,,,,,,,,,,,,,X,,,,,,,,,X,,"sea_water_alkalinity_expressed_as_mole_equivalent, latitude, longitude, depth, Chlorophyll, sea_water_salinity, sea_water_ph, dissolved_oxygen, water_temperature",POINT (-76.43094000000001 37.23392)
MARACOOS,37.20297,-76.64833,fixed,Y,N,,X,,,,,,,,,,,,,,X,,,,,,,,,X,,"sea_water_alkalinity_expressed_as_mole_equivalent, latitude, longitude, depth, Chlorophyll, sea_water_salinity, sea_water_ph, dissolved_oxygen, water_temperature",POINT (-76.64833 37.20297)
MARACOOS,37.056,-76.59306,fixed,Y,N,,X,,,,,,,,,,,,,,X,,,,,,,,,X,,"sea_water_alkalinity_expressed_as_mole_equivalent, latitude, longitude, depth, Chlorophyll, sea_water_salinity, sea_water_ph, dissolved_oxygen, water_temperature",POINT (-76.59305999999999 37.056)
MARACOOS,36.99044,-76.47544,fixed,Y,N,,X,,,,,,,,,,,,,,X,,,,,,,,,X,,"sea_water_alkalinity_expressed_as_mole_equivalent, latitude, longitude, depth, Chlorophyll, sea_water_salinity, sea_water_ph, dissolved_oxygen, water_temperature",POINT (-76.47544000000001 36.99044)
MARACOOS,36.95486,-76.39275,fixed,Y,N,,X,,,,,,,,,,,,,,X,,,,,,,,,X,,"sea_water_alkalinity_expressed_as_mole_equivalent, latitude, longitude, depth, Chlorophyll, sea_water_salinity, sea_water_ph, dissolved_oxygen, water_temperature",POINT (-76.39275000000001 36.95486)
MARACOOS,36.90456,-76.33836,fixed,Y,N,,X,,,,,,,,,,,,,,X,,,,,,,,,X,,"sea_water_alkalinity_expressed_as_mole_equivalent, latitude, longitude, depth, Chlorophyll, sea_water_salinity, sea_water_ph, dissolved_oxygen, water_temperature",POINT (-76.33835999999999 36.90456)
MARACOOS,38.56508,-77.19345,fixed,Y,N,,X,,,,,,,,,,,,,,X,,,,,,,,,X,,"sea_water_alkalinity_expressed_as_mole_equivalent, latitude, longitude, depth, Chlorophyll, sea_water_salinity, sea_water_ph, dissolved_oxygen, water_temperature",POINT (-77.19345 38.56508)
MARACOOS,38.4909,-76.66429,fixed,Y,N,,X,,,,,,,,,,,,,,X,,,,,,,,,X,,"sea_water_alkalinity_expressed_as_mole_equivalent, latitude, longitude, depth, Chlorophyll, sea_water_salinity, sea_water_ph, dissolved_oxygen, water_temperature",POINT (-76.66428999999999 38.4909)
MARACOOS,38.4035,-77.2691,fixed,Y,N,,X,,,,,,,,,,,,,,X,,,,,,,,,X,,"sea_water_alkalinity_expressed_as_mole_equivalent, latitude, longitude, depth, Chlorophyll, sea_water_salinity, sea_water_ph, dissolved_oxygen, water_temperature",POINT (-77.26909999999999 38.4035)
MARACOOS,38.3525,-77.2051,fixed,Y,N,,X,,,,,,,,,,,,,,X,,,,,,,,,X,,"sea_water_alkalinity_expressed_as_mole_equivalent, latitude, longitude, depth, Chlorophyll, sea_water_salinity, sea_water_ph, dissolved_oxygen, water_temperature",POINT (-77.2051 38.3525)
MARACOOS,38.3626,-76.99063,fixed,Y,N,,X,,,,,,,,,,,,,,X,,,,,,,,,X,,"sea_water_alkalinity_expressed_as_mole_equivalent, latitude, longitude, depth, Chlorophyll, sea_water_salinity, sea_water_ph, dissolved_oxygen, water_temperature",POINT (-76.99063 38.3626)
MARACOOS,37.9173,-76.8222,fixed,Y,N,,X,,,,,,,,,,,,,,X,,,,,,,,,X,,"sea_water_alkalinity_expressed_as_mole_equivalent, latitude, longitude, depth, Chlorophyll, sea_water_salinity, sea_water_ph, dissolved_oxygen, water_temperature",POINT (-76.8222 37.9173)
MARACOOS,37.81158,-76.71195,fixed,Y,N,,X,,,,,,,,,,,,,,X,,,,,,,,,X,,"sea_water_alkalinity_expressed_as_mole_equivalent, latitude, longitude, depth, Chlorophyll, sea_water_salinity, sea_water_ph, dissolved_oxygen, water_temperature",POINT (-76.71195 37.81158)
MARACOOS,37.52564,-76.86761,fixed,Y,N,,X,,,,,,,,,,,,,,X,,,,,,,,,X,,"sea_water_alkalinity_expressed_as_mole_equivalent, latitude, longitude, depth, Chlorophyll, sea_water_salinity, sea_water_ph, dissolved_oxygen, water_temperature",POINT (-76.86761 37.52564)
MARACOOS,37.57125,-76.79715,fixed,Y,N,,X,,,,,,,,,,,,,,X,,,,,,,,,X,,"sea_water_alkalinity_expressed_as_mole_equivalent, latitude, longitude, depth, Chlorophyll, sea_water_salinity, sea_water_ph, dissolved_oxygen, water_temperature",POINT (-76.79715 37.57125)
MARACOOS,37.50869,-76.78889,fixed,Y,N,,X,,,,,,,,,,,,,,X,,,,,,,,,X,,"sea_water_alkalinity_expressed_as_mole_equivalent, latitude, longitude, depth, Chlorophyll, sea_water_salinity, sea_water_ph, dissolved_oxygen, water_temperature",POINT (-76.78888999999999 37.50869)
MARACOOS,37.20294,-76.78219,fixed,Y,N,,X,,,,,,,,,,,,,,X,,,,,,,,,X,,"sea_water_alkalinity_expressed_as_mole_equivalent, latitude, longitude, depth, Chlorophyll, sea_water_salinity, sea_water_ph, dissolved_oxygen, water_temperature",POINT (-76.78219 37.20294)
MARACOOS,38.58211,-76.68101,fixed,Y,N,,X,,,,,,,,,,,,,,X,,,,,,,,,X,,"sea_water_alkalinity_expressed_as_mole_equivalent, latitude, longitude, depth, Chlorophyll, sea_water_salinity, sea_water_ph, dissolved_oxygen, water_temperature",POINT (-76.68101 38.58211)
MARACOOS,38.70664,-77.04876,fixed,Y,N,,X,,,,,,,,,,,,,,X,,,,,,,,,X,,"sea_water_alkalinity_expressed_as_mole_equivalent, latitude, longitude, depth, Chlorophyll, sea_water_salinity, sea_water_ph, dissolved_oxygen, water_temperature",POINT (-77.04876 38.70664)
MARACOOS,38.69067,-77.11111,fixed,Y,N,,X,,,,,,,,,,,,,,X,,,,,,,,,X,,"sea_water_alkalinity_expressed_as_mole_equivalent, latitude, longitude, depth, Chlorophyll, sea_water_salinity, sea_water_ph, dissolved_oxygen, water_temperature",POINT (-77.11111 38.69067)
MARACOOS,38.6082,-77.1739,fixed,Y,N,,X,,,,,,,,,,,,,,X,,,,,,,,,X,,"sea_water_alkalinity_expressed_as_mole_equivalent, latitude, longitude, depth, Chlorophyll, sea_water_salinity, sea_water_ph, dissolved_oxygen, water_temperature",POINT (-77.1739 38.6082)
MARACOOS,38.5301,-77.2654,fixed,Y,N,,X,,,,,,,,,,,,,,X,,,,,,,,,X,,"sea_water_alkalinity_expressed_as_mole_equivalent, latitude, longitude, depth, Chlorophyll, sea_water_salinity, sea_water_ph, dissolved_oxygen, water_temperature",POINT (-77.2654 38.5301)
MARACOOS,38.01847,-76.90928,fixed,Y,N,,X,,,,,,,,,,,,,,X,,,,,,,,,X,,"sea_water_alkalinity_expressed_as_mole_equivalent, latitude, longitude, depth, Chlorophyll, sea_water_salinity, sea_water_ph, dissolved_oxygen, water_temperature",POINT (-76.90928 38.01847)
MARACOOS,37.31181,-76.34634,fixed,Y,N,,X,,,,,,,,,,,,,,X,,,,,,,,,,,"latitude, longitude, depth, Chlorophyll, sea_water_salinity, sea_water_ph, dissolved_oxygen, water_temperature",POINT (-76.34634 37.31181)
MARACOOS,37.24181,-76.38634,fixed,Y,N,,X,,,,,,,,,,,,,,X,,,,,,,,,,,"latitude, longitude, depth, Chlorophyll, sea_water_salinity, sea_water_ph, dissolved_oxygen, water_temperature",POINT (-76.38634 37.24181)
MARACOOS,37.17681,-76.373,fixed,Y,N,,X,,,,,,,,,,,,,,X,,,,,,,,,,,"latitude, longitude, depth, Chlorophyll, sea_water_salinity, sea_water_ph, dissolved_oxygen, water_temperature",POINT (-76.373 37.17681)
MARACOOS,37.11015,-76.293,fixed,Y,N,,X,,,,,,,,,,,,,,X,,,,,,,,,,,"latitude, longitude, depth, Chlorophyll, sea_water_salinity, sea_water_ph, dissolved_oxygen, water_temperature",POINT (-76.29300000000001 37.11015)
MARACOOS,39.21309,-76.52254,fixed,Y,N,,X,,,,,,,,,,,,,,X,,,,,,,,,,,"latitude, longitude, depth, Chlorophyll, sea_water_salinity, sea_water_ph, dissolved_oxygen, water_temperature",POINT (-76.52254000000001 39.21309)
MARACOOS,38.69787,-77.02317,fixed,Y,N,,X,,,,,,,,,,,,,,X,,,,,,,,,X,,"sea_water_alkalinity_expressed_as_mole_equivalent, latitude, longitude, depth, Chlorophyll, sea_water_salinity, sea_water_ph, dissolved_oxygen, water_temperature",POINT (-77.02316999999999 38.69787)
MARACOOS,39.54794,-76.08481,fixed,Y,N,X,X,,,,,,,,,,,,,,X,,,,X,,,,,X,,"latitude, longitude, depth, sea_water_alkalinity_expressed_as_mole_equivalent, dissolved_oxygen, CO3, Dissolved_organic_Carbon, HCO3, SIO4, dissolved_inorganic_nitrogen, sea_water_salinity, PCo2, PC, FSS, NH4F, NO2F, NO3F, sea_water_temperature, PO4F, pH, dissolved_inorganic_carbon, N023, TSS",POINT (-76.08481 39.54794)
MARACOOS,39.44149,-76.02599,fixed,Y,N,X,X,,,,,,,,,,,,,,X,,,,X,,,,,X,,"latitude, longitude, depth, sea_water_alkalinity_expressed_as_mole_equivalent, dissolved_oxygen, CO3, Dissolved_organic_Carbon, HCO3, SIO4, dissolved_inorganic_nitrogen, sea_water_salinity, PCo2, PC, FSS, NH4F, NO2F, NO3F, sea_water_temperature, PO4F, pH, dissolved_inorganic_carbon, N023, TSS",POINT (-76.02598999999999 39.44149)
MARACOOS,39.34873,-76.17579,fixed,Y,N,X,X,,,,,,,,,,,,,,X,,,,X,,,,,X,,"latitude, longitude, depth, sea_water_alkalinity_expressed_as_mole_equivalent, dissolved_oxygen, CO3, Dissolved_organic_Carbon, HCO3, SIO4, dissolved_inorganic_nitrogen, sea_water_salinity, PCo2, PC, FSS, NH4F, NO2F, NO3F, sea_water_temperature, PO4F, pH, dissolved_inorganic_carbon, N023, TSS",POINT (-76.17579000000001 39.34873)
MARACOOS,39.2495,-76.2405,fixed,Y,N,X,X,,,,,,,,,,,,,,X,,,,X,,,,,X,,"latitude, longitude, depth, sea_water_alkalinity_expressed_as_mole_equivalent, dissolved_oxygen, CO3, Dissolved_organic_Carbon, HCO3, SIO4, dissolved_inorganic_nitrogen, sea_water_salinity, PCo2, PC, FSS, NH4F, NO2F, NO3F, sea_water_temperature, PO4F, pH, dissolved_inorganic_carbon, N023, TSS",POINT (-76.2405 39.2495)
MARACOOS,39.16369,-76.30631,fixed,Y,N,X,X,,,,,,,,,,,,,,X,,,,X,,,,,X,,"latitude, longitude, depth, sea_water_alkalinity_expressed_as_mole_equivalent, dissolved_oxygen, CO3, Dissolved_organic_Carbon, HCO3, SIO4, dissolved_inorganic_nitrogen, sea_water_salinity, PCo2, PC, FSS, NH4F, NO2F, NO3F, sea_water_temperature, PO4F, pH, dissolved_inorganic_carbon, N023, TSS",POINT (-76.30631 39.16369)
MARACOOS,38.99596,-76.35967,fixed,Y,N,X,X,,,,,,,,,,,,,,X,,,,X,,,,,X,,"latitude, longitude, depth, sea_water_alkalinity_expressed_as_mole_equivalent, dissolved_oxygen, CO3, Dissolved_organic_Carbon, HCO3, SIO4, dissolved_inorganic_nitrogen, sea_water_salinity, PCo2, PC, FSS, NH4F, NO2F, NO3F, sea_water_temperature, PO4F, pH, dissolved_inorganic_carbon, N023, TSS",POINT (-76.35966999999999 38.99596)
MARACOOS,39.00412,-76.34517,fixed,Y,N,X,X,,,,,,,,,,,,,,X,,,,X,,,,,X,,"latitude, longitude, depth, sea_water_alkalinity_expressed_as_mole_equivalent, dissolved_oxygen, CO3, Dissolved_organic_Carbon, HCO3, SIO4, dissolved_inorganic_nitrogen, sea_water_salinity, PCo2, PC, FSS, NH4F, NO2F, NO3F, sea_water_temperature, PO4F, pH, dissolved_inorganic_carbon, N023, TSS",POINT (-76.34517 39.00412)
MARACOOS,39.00462,-76.3881,fixed,Y,N,X,X,,,,,,,,,,,,,,X,,,,X,,,,,X,,"latitude, longitude, depth, sea_water_alkalinity_expressed_as_mole_equivalent, dissolved_oxygen, CO3, Dissolved_organic_Carbon, HCO3, SIO4, dissolved_inorganic_nitrogen, sea_water_salinity, PCo2, PC, FSS, NH4F, NO2F, NO3F, sea_water_temperature, PO4F, pH, dissolved_inorganic_carbon, N023, TSS",POINT (-76.38809999999999 39.00462)
MARACOOS,38.82593,-76.39945,fixed,Y,N,X,X,,,,,,,,,,,,,,X,,,,X,,,,,X,,"latitude, longitude, depth, sea_water_alkalinity_expressed_as_mole_equivalent, dissolved_oxygen, CO3, Dissolved_organic_Carbon, HCO3, SIO4, dissolved_inorganic_nitrogen, sea_water_salinity, PCo2, PC, FSS, NH4F, NO2F, NO3F, sea_water_temperature, PO4F, pH, dissolved_inorganic_carbon, N023, TSS",POINT (-76.39945 38.82593)
MARACOOS,38.81809,-76.37144,fixed,Y,N,X,X,,,,,,,,,,,,,,X,,,,X,,,,,X,,"latitude, longitude, depth, sea_water_alkalinity_expressed_as_mole_equivalent, dissolved_oxygen, CO3, Dissolved_organic_Carbon, HCO3, SIO4, dissolved_inorganic_nitrogen, sea_water_salinity, PCo2, PC, FSS, NH4F, NO2F, NO3F, sea_water_temperature, PO4F, pH, dissolved_inorganic_carbon, N023, TSS",POINT (-76.37144000000001 38.81809)
MARACOOS,38.81498,-76.46272,fixed,Y,N,X,X,,,,,,,,,,,,,,X,,,,X,,,,,X,,"latitude, longitude, depth, sea_water_alkalinity_expressed_as_mole_equivalent, dissolved_oxygen, CO3, Dissolved_organic_Carbon, HCO3, SIO4, dissolved_inorganic_nitrogen, sea_water_salinity, PCo2, PC, FSS, NH4F, NO2F, NO3F, sea_water_temperature, PO4F, pH, dissolved_inorganic_carbon, N023, TSS",POINT (-76.46272 38.81498)
MARACOOS,38.64618,-76.42127,fixed,Y,N,X,X,,,,,,,,,,,,,,X,,,,X,,,,,X,,"latitude, longitude, depth, sea_water_alkalinity_expressed_as_mole_equivalent, dissolved_oxygen, CO3, Dissolved_organic_Carbon, HCO3, SIO4, dissolved_inorganic_nitrogen, sea_water_salinity, PCo2, PC, FSS, NH4F, NO2F, NO3F, sea_water_temperature, PO4F, pH, dissolved_inorganic_carbon, N023, TSS",POINT (-76.42127000000001 38.64618)
MARACOOS,38.64498,-76.40131,fixed,Y,N,X,X,,,,,,,,,,,,,,X,,,,X,,,,,X,,"latitude, longitude, depth, sea_water_alkalinity_expressed_as_mole_equivalent, dissolved_oxygen, CO3, Dissolved_organic_Carbon, HCO3, SIO4, dissolved_inorganic_nitrogen, sea_water_salinity, PCo2, PC, FSS, NH4F, NO2F, NO3F, sea_water_temperature, PO4F, pH, dissolved_inorganic_carbon, N023, TSS",POINT (-76.40131 38.64498)
MARACOOS,38.64354,-76.50217,fixed,Y,N,X,X,,,,,,,,,,,,,,X,,,,X,,,,,X,,"latitude, longitude, depth, sea_water_alkalinity_expressed_as_mole_equivalent, dissolved_oxygen, CO3, Dissolved_organic_Carbon, HCO3, SIO4, dissolved_inorganic_nitrogen, sea_water_salinity, PCo2, PC, FSS, NH4F, NO2F, NO3F, sea_water_temperature, PO4F, pH, dissolved_inorganic_carbon, N023, TSS",POINT (-76.50217000000001 38.64354)
MARACOOS,38.55505,-76.42794,fixed,Y,N,X,X,,,,,,,,,,,,,,X,,,,X,,,,,X,,"latitude, longitude, depth, sea_water_alkalinity_expressed_as_mole_equivalent, dissolved_oxygen, CO3, Dissolved_organic_Carbon, HCO3, SIO4, dissolved_inorganic_nitrogen, sea_water_salinity, PCo2, PC, FSS, NH4F, NO2F, NO3F, sea_water_temperature, PO4F, pH, dissolved_inorganic_carbon, N023, TSS",POINT (-76.42794000000001 38.55505)
MARACOOS,38.55624,-76.39121,fixed,Y,N,X,X,,,,,,,,,,,,,,X,,,,X,,,,,X,,"latitude, longitude, depth, sea_water_alkalinity_expressed_as_mole_equivalent, dissolved_oxygen, CO3, Dissolved_organic_Carbon, HCO3, SIO4, dissolved_inorganic_nitrogen, sea_water_salinity, PCo2, PC, FSS, NH4F, NO2F, NO3F, sea_water_temperature, PO4F, pH, dissolved_inorganic_carbon, N023, TSS",POINT (-76.39121 38.55624)
MARACOOS,38.55728,-76.49402,fixed,Y,N,X,X,,,,,,,,,,,,,,X,,,,X,,,,,X,,"latitude, longitude, depth, sea_water_alkalinity_expressed_as_mole_equivalent, dissolved_oxygen, CO3, Dissolved_organic_Carbon, HCO3, SIO4, dissolved_inorganic_nitrogen, sea_water_salinity, PCo2, PC, FSS, NH4F, NO2F, NO3F, sea_water_temperature, PO4F, pH, dissolved_inorganic_carbon, N023, TSS",POINT (-76.49402000000001 38.55728)
MARACOOS,38.41457,-76.34565,fixed,Y,N,X,X,,,,,,,,,,,,,,X,,,,X,,,,,X,,"latitude, longitude, depth, sea_water_alkalinity_expressed_as_mole_equivalent, dissolved_oxygen, CO3, Dissolved_organic_Carbon, HCO3, SIO4, dissolved_inorganic_nitrogen, sea_water_salinity, PCo2, PC, FSS, NH4F, NO2F, NO3F, sea_water_temperature, PO4F, pH, dissolved_inorganic_carbon, N023, TSS",POINT (-76.34565000000001 38.41457)
MARACOOS,38.3187,-76.29215,fixed,Y,N,X,X,,,,,,,,,,,,,,X,,,,X,,,,,X,,"latitude, longitude, depth, sea_water_alkalinity_expressed_as_mole_equivalent, dissolved_oxygen, CO3, Dissolved_organic_Carbon, HCO3, SIO4, dissolved_inorganic_nitrogen, sea_water_salinity, PCo2, PC, FSS, NH4F, NO2F, NO3F, sea_water_temperature, PO4F, pH, dissolved_inorganic_carbon, N023, TSS",POINT (-76.29215000000001 38.3187)
MARACOOS,38.13705,-76.22787,fixed,Y,N,X,X,,,,,,,,,,,,,,X,,,,X,,,,,X,,"latitude, longitude, depth, sea_water_alkalinity_expressed_as_mole_equivalent, dissolved_oxygen, CO3, Dissolved_organic_Carbon, HCO3, SIO4, dissolved_inorganic_nitrogen, sea_water_salinity, PCo2, PC, FSS, NH4F, NO2F, NO3F, sea_water_temperature, PO4F, pH, dissolved_inorganic_carbon, N023, TSS",POINT (-76.22787 38.13705)
MARACOOS,37.91011,-76.17137,fixed,Y,N,X,X,,,,,,,,,,,,,,X,,,,X,,,,,X,,"latitude, longitude, depth, sea_water_alkalinity_expressed_as_mole_equivalent, dissolved_oxygen, CO3, Dissolved_organic_Carbon, HCO3, SIO4, dissolved_inorganic_nitrogen, sea_water_salinity, PCo2, PC, FSS, NH4F, NO2F, NO3F, sea_water_temperature, PO4F, pH, dissolved_inorganic_carbon, N023, TSS",POINT (-76.17137 37.91011)
MARACOOS,37.80013,-76.17466,fixed,Y,N,X,X,,,,,,,,,,,,,,X,,,,X,,,,,X,,"latitude, longitude, depth, sea_water_alkalinity_expressed_as_mole_equivalent, dissolved_oxygen, CO3, Dissolved_organic_Carbon, HCO3, SIO4, dissolved_inorganic_nitrogen, sea_water_salinity, PCo2, PC, FSS, NH4F, NO2F, NO3F, sea_water_temperature, PO4F, pH, dissolved_inorganic_carbon, N023, TSS",POINT (-76.17466 37.80013)
MARACOOS,37.81347,-76.29467,fixed,Y,N,X,X,,,,,,,,,,,,,,X,,,,X,,,,,X,,"latitude, longitude, depth, sea_water_alkalinity_expressed_as_mole_equivalent, dissolved_oxygen, CO3, Dissolved_organic_Carbon, HCO3, SIO4, dissolved_inorganic_nitrogen, sea_water_salinity, PCo2, PC, FSS, NH4F, NO2F, NO3F, sea_water_temperature, PO4F, pH, dissolved_inorganic_carbon, N023, TSS",POINT (-76.29467 37.81347)
MARACOOS,37.6918,-76.18967,fixed,Y,N,X,X,,,,,,,,,,,,,,X,,,,X,,,,,X,,"latitude, longitude, depth, sea_water_alkalinity_expressed_as_mole_equivalent, dissolved_oxygen, CO3, Dissolved_organic_Carbon, HCO3, SIO4, dissolved_inorganic_nitrogen, sea_water_salinity, PCo2, PC, FSS, NH4F, NO2F, NO3F, sea_water_temperature, PO4F, pH, dissolved_inorganic_carbon, N023, TSS",POINT (-76.18967000000001 37.6918)
MARACOOS,37.58847,-76.16216,fixed,Y,N,X,X,,,,,,,,,,,,,,X,,,,X,,,,,X,,"latitude, longitude, depth, sea_water_alkalinity_expressed_as_mole_equivalent, dissolved_oxygen, CO3, Dissolved_organic_Carbon, HCO3, SIO4, dissolved_inorganic_nitrogen, sea_water_salinity, PCo2, PC, FSS, NH4F, NO2F, NO3F, sea_water_temperature, PO4F, pH, dissolved_inorganic_carbon, N023, TSS",POINT (-76.16216 37.58847)
MARACOOS,37.4868,-76.15633,fixed,Y,N,X,X,,,,,,,,,,,,,,X,,,,X,,,,,X,,"latitude, longitude, depth, sea_water_alkalinity_expressed_as_mole_equivalent, dissolved_oxygen, CO3, Dissolved_organic_Carbon, HCO3, SIO4, dissolved_inorganic_nitrogen, sea_water_salinity, PCo2, PC, FSS, NH4F, NO2F, NO3F, sea_water_temperature, PO4F, pH, dissolved_inorganic_carbon, N023, TSS",POINT (-76.15633 37.4868)
MARACOOS,37.41153,-76.15966,fixed,Y,N,X,X,,,,,,,,,,,,,,X,,,,X,,,,,X,,"latitude, longitude, depth, sea_water_alkalinity_expressed_as_mole_equivalent, dissolved_oxygen, CO3, Dissolved_organic_Carbon, HCO3, SIO4, dissolved_inorganic_nitrogen, sea_water_salinity, PCo2, PC, FSS, NH4F, NO2F, NO3F, sea_water_temperature, PO4F, pH, dissolved_inorganic_carbon, N023, TSS",POINT (-76.15966 37.41153)
MARACOOS,37.23653,-76.20799,fixed,Y,N,X,X,,,,,,,,,,,,,,X,,,,X,,,,,X,,"latitude, longitude, depth, sea_water_alkalinity_expressed_as_mole_equivalent, dissolved_oxygen, CO3, Dissolved_organic_Carbon, HCO3, SIO4, dissolved_inorganic_nitrogen, sea_water_salinity, PCo2, PC, FSS, NH4F, NO2F, NO3F, sea_water_temperature, PO4F, pH, dissolved_inorganic_carbon, N023, TSS",POINT (-76.20799 37.23653)
MARACOOS,37.68346,-75.98966,fixed,Y,N,X,X,,,,,,,,,,,,,,X,,,,X,,,,,X,,"latitude, longitude, depth, sea_water_alkalinity_expressed_as_mole_equivalent, dissolved_oxygen, CO3, Dissolved_organic_Carbon, HCO3, SIO4, dissolved_inorganic_nitrogen, sea_water_salinity, PCo2, PC, FSS, NH4F, NO2F, NO3F, sea_water_temperature, PO4F, pH, dissolved_inorganic_carbon, N023, TSS",POINT (-75.98966 37.68346)
MARACOOS,37.77513,-75.97466,fixed,Y,N,X,X,,,,,,,,,,,,,,X,,,,X,,,,,X,,"latitude, longitude, depth, sea_water_alkalinity_expressed_as_mole_equivalent, dissolved_oxygen, CO3, Dissolved_organic_Carbon, HCO3, SIO4, dissolved_inorganic_nitrogen, sea_water_salinity, PCo2, PC, FSS, NH4F, NO2F, NO3F, sea_water_temperature, PO4F, pH, dissolved_inorganic_carbon, N023, TSS",POINT (-75.97466 37.77513)
MARACOOS,37.58124,-76.05799,fixed,Y,N,X,X,,,,,,,,,,,,,,X,,,,X,,,,,X,,"latitude, longitude, depth, sea_water_alkalinity_expressed_as_mole_equivalent, dissolved_oxygen, CO3, Dissolved_organic_Carbon, HCO3, SIO4, dissolved_inorganic_nitrogen, sea_water_salinity, PCo2, PC, FSS, NH4F, NO2F, NO3F, sea_water_temperature, PO4F, pH, dissolved_inorganic_carbon, N023, TSS",POINT (-76.05799 37.58124)
MARACOOS,37.41153,-76.07966,fixed,Y,N,X,X,,,,,,,,,,,,,,X,,,,X,,,,,X,,"latitude, longitude, depth, sea_water_alkalinity_expressed_as_mole_equivalent, dissolved_oxygen, CO3, Dissolved_organic_Carbon, HCO3, SIO4, dissolved_inorganic_nitrogen, sea_water_salinity, PCo2, PC, FSS, NH4F, NO2F, NO3F, sea_water_temperature, PO4F, pH, dissolved_inorganic_carbon, N023, TSS",POINT (-76.07966 37.41153)
MARACOOS,37.41153,-76.02466,fixed,Y,N,X,X,,,,,,,,,,,,,,X,,,,X,,,,,X,,"latitude, longitude, depth, sea_water_alkalinity_expressed_as_mole_equivalent, dissolved_oxygen, CO3, Dissolved_organic_Carbon, HCO3, SIO4, dissolved_inorganic_nitrogen, sea_water_salinity, PCo2, PC, FSS, NH4F, NO2F, NO3F, sea_water_temperature, PO4F, pH, dissolved_inorganic_carbon, N023, TSS",POINT (-76.02466 37.41153)
MARACOOS,37.11681,-76.12521,fixed,Y,N,X,X,,,,,,,,,,,,,,X,,,,X,,,,,X,,"latitude, longitude, depth, sea_water_alkalinity_expressed_as_mole_equivalent, dissolved_oxygen, CO3, Dissolved_organic_Carbon, HCO3, SIO4, dissolved_inorganic_nitrogen, sea_water_salinity, PCo2, PC, FSS, NH4F, NO2F, NO3F, sea_water_temperature, PO4F, pH, dissolved_inorganic_carbon, N023, TSS",POINT (-76.12521 37.11681)
MARACOOS,37.22875,-76.05383,fixed,Y,N,X,X,,,,,,,,,,,,,,X,,,,X,,,,,X,,"latitude, longitude, depth, sea_water_alkalinity_expressed_as_mole_equivalent, dissolved_oxygen, CO3, Dissolved_organic_Carbon, HCO3, SIO4, dissolved_inorganic_nitrogen, sea_water_salinity, PCo2, PC, FSS, NH4F, NO2F, NO3F, sea_water_temperature, PO4F, pH, dissolved_inorganic_carbon, N023, TSS",POINT (-76.05383 37.22875)
MARACOOS,36.9957,-76.02048,fixed,Y,N,X,X,,,,,,,,,,,,,,X,,,,X,,,,,X,,"latitude, longitude, depth, sea_water_alkalinity_expressed_as_mole_equivalent, dissolved_oxygen, CO3, Dissolved_organic_Carbon, HCO3, SIO4, dissolved_inorganic_nitrogen, sea_water_salinity, PCo2, PC, FSS, NH4F, NO2F, NO3F, sea_water_temperature, PO4F, pH, dissolved_inorganic_carbon, N023, TSS",POINT (-76.02048000000001 36.9957)
MARACOOS,37.06237,-75.99937,fixed,Y,N,X,X,,,,,,,,,,,,,,X,,,,X,,,,,X,,"latitude, longitude, depth, sea_water_alkalinity_expressed_as_mole_equivalent, dissolved_oxygen, CO3, Dissolved_organic_Carbon, HCO3, SIO4, dissolved_inorganic_nitrogen, sea_water_salinity, PCo2, PC, FSS, NH4F, NO2F, NO3F, sea_water_temperature, PO4F, pH, dissolved_inorganic_carbon, N023, TSS",POINT (-75.99937 37.06237)
MARACOOS,36.99542,-76.16772,fixed,Y,N,X,X,,,,,,,,,,,,,,X,,,,X,,,,,X,,"latitude, longitude, depth, sea_water_alkalinity_expressed_as_mole_equivalent, dissolved_oxygen, CO3, Dissolved_organic_Carbon, HCO3, SIO4, dissolved_inorganic_nitrogen, sea_water_salinity, PCo2, PC, FSS, NH4F, NO2F, NO3F, sea_water_temperature, PO4F, pH, dissolved_inorganic_carbon, N023, TSS",POINT (-76.16772 36.99542)
MARACOOS,36.94737,-76.03494,fixed,Y,N,X,X,,,,,,,,,,,,,,X,,,,X,,,,,X,,"latitude, longitude, depth, sea_water_alkalinity_expressed_as_mole_equivalent, dissolved_oxygen, CO3, Dissolved_organic_Carbon, HCO3, SIO4, dissolved_inorganic_nitrogen, sea_water_salinity, PCo2, PC, FSS, NH4F, NO2F, NO3F, sea_water_temperature, PO4F, pH, dissolved_inorganic_carbon, N023, TSS",POINT (-76.03494000000001 36.94737)
MARACOOS,37.90846,-75.79132,fixed,Y,N,X,X,,,,,,,,,,,,,,X,,,,X,,,,,X,,"latitude, longitude, depth, sea_water_alkalinity_expressed_as_mole_equivalent, dissolved_oxygen, CO3, Dissolved_organic_Carbon, HCO3, SIO4, dissolved_inorganic_nitrogen, sea_water_salinity, PCo2, PC, FSS, NH4F, NO2F, NO3F, sea_water_temperature, PO4F, pH, dissolved_inorganic_carbon, N023, TSS",POINT (-75.79132 37.90846)
MARACOOS,37.79652,-75.84438,fixed,Y,N,X,X,,,,,,,,,,,,,,X,,,,X,,,,,X,,"latitude, longitude, depth, sea_water_alkalinity_expressed_as_mole_equivalent, dissolved_oxygen, CO3, Dissolved_organic_Carbon, HCO3, SIO4, dissolved_inorganic_nitrogen, sea_water_salinity, PCo2, PC, FSS, NH4F, NO2F, NO3F, sea_water_temperature, PO4F, pH, dissolved_inorganic_carbon, N023, TSS",POINT (-75.84438 37.79652)
MARACOOS,38.0215,-76.3477,fixed,Y,N,X,X,,,,,,,,,,,,,,X,,,,X,,,,,X,,"latitude, longitude, depth, sea_water_alkalinity_expressed_as_mole_equivalent, dissolved_oxygen, CO3, Dissolved_organic_Carbon, HCO3, SIO4, dissolved_inorganic_nitrogen, sea_water_salinity, PCo2, PC, FSS, NH4F, NO2F, NO3F, sea_water_temperature, PO4F, pH, dissolved_inorganic_carbon, N023, TSS",POINT (-76.3477 38.0215)
MARACOOS,37.5968,-76.28467,fixed,Y,N,X,X,,,,,,,,,,,,,,X,,,,X,,,,,X,,"latitude, longitude, depth, sea_water_alkalinity_expressed_as_mole_equivalent, dissolved_oxygen, CO3, Dissolved_organic_Carbon, HCO3, SIO4, dissolved_inorganic_nitrogen, sea_water_salinity, PCo2, PC, FSS, NH4F, NO2F, NO3F, sea_water_temperature, PO4F, pH, dissolved_inorganic_carbon, N023, TSS",POINT (-76.28467000000001 37.5968)
MARACOOS,37.53069,-76.30661,fixed,Y,N,X,X,,,,,,,,,,,,,,X,,,,X,,,,,X,,"latitude, longitude, depth, sea_water_alkalinity_expressed_as_mole_equivalent, dissolved_oxygen, CO3, Dissolved_organic_Carbon, HCO3, SIO4, dissolved_inorganic_nitrogen, sea_water_salinity, PCo2, PC, FSS, NH4F, NO2F, NO3F, sea_water_temperature, PO4F, pH, dissolved_inorganic_carbon, N023, TSS",POINT (-76.30661000000001 37.53069)
MARACOOS,36.99903,-76.31328,fixed,Y,N,X,X,,,,,,,,,,,,,,X,,,,X,,,,,X,,"latitude, longitude, depth, sea_water_alkalinity_expressed_as_mole_equivalent, dissolved_oxygen, CO3, Dissolved_organic_Carbon, HCO3, SIO4, dissolved_inorganic_nitrogen, sea_water_salinity, PCo2, PC, FSS, NH4F, NO2F, NO3F, sea_water_temperature, PO4F, pH, dissolved_inorganic_carbon, N023, TSS",POINT (-76.31328000000001 36.99903)
MARACOOS,37.31181,-76.34634,fixed,Y,N,X,X,,,,,,,,,,,,,,X,,,,X,,,,,X,,"latitude, longitude, depth, sea_water_alkalinity_expressed_as_mole_equivalent, dissolved_oxygen, CO3, Dissolved_organic_Carbon, HCO3, SIO4, dissolved_inorganic_nitrogen, sea_water_salinity, PCo2, PC, FSS, NH4F, NO2F, NO3F, sea_water_temperature, PO4F, pH, dissolved_inorganic_carbon, N023, TSS",POINT (-76.34634 37.31181)
MARACOOS,37.24181,-76.38634,fixed,Y,N,X,X,,,,,,,,,,,,,,X,,,,X,,,,,X,,"latitude, longitude, depth, sea_water_alkalinity_expressed_as_mole_equivalent, dissolved_oxygen, CO3, Dissolved_organic_Carbon, HCO3, SIO4, dissolved_inorganic_nitrogen, sea_water_salinity, PCo2, PC, FSS, NH4F, NO2F, NO3F, sea_water_temperature, PO4F, pH, dissolved_inorganic_carbon, N023, TSS",POINT (-76.38634 37.24181)
MARACOOS,37.17681,-76.373,fixed,Y,N,X,X,,,,,,,,,,,,,,X,,,,X,,,,,X,,"latitude, longitude, depth, sea_water_alkalinity_expressed_as_mole_equivalent, dissolved_oxygen, CO3, Dissolved_organic_Carbon, HCO3, SIO4, dissolved_inorganic_nitrogen, sea_water_salinity, PCo2, PC, FSS, NH4F, NO2F, NO3F, sea_water_temperature, PO4F, pH, dissolved_inorganic_carbon, N023, TSS",POINT (-76.373 37.17681)
MARACOOS,37.11015,-76.293,fixed,Y,N,X,X,,,,,,,,,,,,,,X,,,,X,,,,,X,,"latitude, longitude, depth, sea_water_alkalinity_expressed_as_mole_equivalent, dissolved_oxygen, CO3, Dissolved_organic_Carbon, HCO3, SIO4, dissolved_inorganic_nitrogen, sea_water_salinity, PCo2, PC, FSS, NH4F, NO2F, NO3F, sea_water_temperature, PO4F, pH, dissolved_inorganic_carbon, N023, TSS",POINT (-76.29300000000001 37.11015)
SECOORA,30.058,-84.29,fixed,Y,Yf,X,,,,X,X,X,X,X,,,X,,,,,,,,,,,,,,,"air_pressure, air_temperature, relative_humidity, wind_speed, wind_gust, wind_from_direction, lwe_thickness_of_precipitation_amount, sea_water_temperature, water_surface_height_above_reference_datum",POINT (-84.29000000000001 30.058)
SECOORA,28.153,-82.801,fixed,Y,Yf,,,X,,X,X,X,X,X,,,,,,,,,,,,,,,,,,"air_pressure, air_temperature, relative_humidity, wind_speed, wind_gust, wind_from_direction, lwe_thickness_of_precipitation_amount, sea_water_pressure_due_to_sea_water",POINT (-82.801 28.153)
SECOORA,28.433,-82.667,fixed,Y,Yf,X,,,,X,X,X,X,X,,,X,,,,,,,,,,,,,,,"air_pressure, air_temperature, relative_humidity, wind_speed, wind_gust, wind_from_direction, lwe_thickness_of_precipitation_amount, sea_water_temperature, water_surface_height_above_reference_datum",POINT (-82.667 28.433)
SECOORA,26.404,-81.881,fixed,Y,Yf,X,X,,,X,X,X,X,X,,,X,,,,,,,,,,,,,,,"air_pressure, air_temperature, relative_humidity, wind_speed, wind_gust, wind_from_direction, lwe_thickness_of_precipitation_amount, sea_water_salinity, sea_water_temperature, water_surface_height_above_reference_datum",POINT (-81.881 26.404)
SECOORA,27.736,-82.686,fixed,Y,Yp,X,,,,X,X,X,X,X,,,X,,,X,X,,,,,,X,,,,,"air_pressure, air_temperature, relative_humidity, wind_speed, wind_gust, wind_from_direction, lwe_thickness_of_precipitation_amount, sea_water_temperature, sea_water_electrical_conductivity, sea_water_practical_salinity, fractional_saturation_of_oxygen_in_sea_water, mass_concentration_of_oxygen_in_sea_water, sea_water_ph_reported_on_total_scale, mass_concentration_of_chlorophyll_in_sea_water, turbidity, water_surface_height_above_reference_datum",POINT (-82.68600000000001 27.736)
SECOORA,27.505,-83.741,moored_buoy,Y,Yf,X,,,,X,X,X,X,,X,,,X,X,,,,,,,,,,,,,"air_pressure, air_temperature, relative_humidity, wind_speed, wind_gust, wind_from_direction, sea_water_practical_salinity (1 m, 20 m, 30 m), sea_water_temperature (1 m, 20 m, 30 m), downwelling_shortwave_flux_in_air, downwelling_longwave_flux_in_air, sea_water_speed (mult), sea_water_to_direction (mult), eastward_sea_water_velocity (mult), northward_sea_water_velocity (mult)",POINT (-83.741 27.505)
SECOORA,26.01,-83.086,moored_buoy,Y,Yf,X,,,,X,X,X,X,,X,,,X,X,,,,,,,,,,,,,"air_pressure, air_temperature, relative_humidity, wind_speed, wind_gust, wind_from_direction, sea_water_practical_salinity (1 m, 20 m, 30 m), sea_water_temperature (1 m, 20 m, 30 m), downwelling_shortwave_flux_in_air, downwelling_longwave_flux_in_air, sea_water_speed (mult), sea_water_to_direction (mult), eastward_sea_water_velocity (mult), northward_sea_water_velocity (mult)",POINT (-83.086 26.01)
SECOORA,27.173,-82.924,moored_buoy,Y,Yf,X,,,,X,X,X,X,,X,,,X,X,,,,,,,,,,,,,"air_pressure, air_temperature, relative_humidity, wind_speed, wind_gust, wind_from_direction, sea_water_practical_salinity (1 m, 10 m, 19 m), sea_water_temperature (1 m, 10 m, 19 m), downwelling_shortwave_flux_in_air, downwelling_longwave_flux_in_air, sea_water_speed (mult), sea_water_to_direction (mult), eastward_sea_water_velocity (mult), northward_sea_water_velocity (mult)",POINT (-82.92400000000001 27.173)
SECOORA,27.676,-82.767,fixed,Y,N,X,,X,,X,X,X,X,,,,,X,X,,,,,,,,,,,,,"air_pressure, air_temperature, relative_humidity, wind_speed, wind_gust, wind_from_direction, sea_water_practical_salinity (1 m), sea_water_temperature (1 m),  sea_water_speed (mult), sea_water_to_direction (mult), eastward_sea_water_velocity (mult), northward_sea_water_velocity (mult), significant_wave_height, max_wave_height, mean_wave_period, peak_wave_period, sea_water_depth, main_wave_direction",POINT (-82.767 27.676)
SECOORA,25.171,-83.475,moored_buoy,Y,N,X,,,,X,X,X,X,,,,,,X,,,,,,,,,,,,,"air_pressure, air_temperature, relative_humidity, wind_speed, wind_gust, wind_from_direction, sea_water_practical_salinity (1 m, 10 m, 65 m), sea_water_temperature (1 m, 10 m, 65 m), sea_water_speed (mult), sea_water_to_direction (mult), eastward_sea_water_velocity (mult), northward_sea_water_velocity (mult)",POINT (-83.47499999999999 25.171)
SECOORA,27.21,-82.82,bottom_mount,Y,Yf,X,,,,,,,,,,,,,X,,,,,,,,,,,,,"sea_water_practical_salinity (bottom 20 m), sea_water_temperature (bottom, 20 m), sea_water_speed (mult), sea_water_to_direction (mult), eastward_sea_water_velocity (mult), northward_sea_water_velocity (mult)",POINT (-82.81999999999999 27.21)
SECOORA,27.29,-82.63,bottom_mount,Y,Yf,X,,,,,,,,,,,,,X,,,,,,,,,,,,,"sea_water_practical_salinity (bottom 20 m), sea_water_temperature (bottom, 20 m), sea_water_speed (mult), sea_water_to_direction (mult), eastward_sea_water_velocity (mult), northward_sea_water_velocity (mult)",POINT (-82.63 27.29)
SECOORA,31.4,-80.8681,moored_buoy,Y,Yp,X,X,,,,X,,,,,,,,,X,X,X,X,,X,,,,,,,"partial_pressure_of_carbon_dioxide_in_sea_water, partial_pressure_of_carbon_dioxide_in_atmosphere, atmospheric_temperature, sea_water_pH_reported_in_total_scale (1 m), sea_water_salinity (1 m), sea_water_dissolved_oxygen (1 m), sea_water_temperature (1 m), sea_water_conductance (1 m), sea_water_turbidity (1 m), mass_concentration_of_cholorphyll_in_sea_water (1 m)",POINT (-80.8681 31.4)
SECOORA,32.75333,-79.89899,fixed,Y,Yp,X,,,,,,,,,,,,,,X,X,,,,,,X,,,,,"sea_water_temperature, sea_water_electrical_conductivity, sea_water_practical_salinity, fractional_saturation_of_oxygen_in_sea_water, mass_concentration_of_oxygen_in_sea_water, sea_water_ph_reported_on_total_scale, mass_concentration_of_chlorophyll_in_sea_water, turbidity",POINT (-79.89899 32.75333)
SECOORA,32.8032,-79.6204,moored_buoy,Y,Yf,X,,,,X,X,X,X,,,,,,,,,,,,,,,,,,,"air_pressure, air_temperature, relative_humidity, wind_speed, wind_gust, wind_from_direction, sea_water_practical_salinity (1 m), sea_water_temperature (1 m)",POINT (-79.6204 32.8032)
SECOORA,32.274,-80.416,moored_buoy,Y,Yf,X,,,,X,X,X,X,,,,,,,,,,,,,,,,,,,"air_pressure, air_temperature, relative_humidity, wind_speed, wind_gust, wind_from_direction, sea_water_practical_salinity (1 m), sea_water_temperature (1 m)",POINT (-80.416 32.274)
SECOORA,34.1445,-77.7183,moored_buoy,Y,Yf,X,,,,X,X,X,X,,,,,,,,,,,,,,,,,,,"air_pressure, air_temperature, relative_humidity, wind_speed, wind_gust, wind_from_direction, sea_water_practical_salinity (1 m), sea_water_temperature (1 m)",POINT (-77.7183 34.1445)
SECOORA,33.9877,-77.3617,moored_buoy,Y,Yf,X,,,,X,X,X,X,,,,,,,,,,,,,,,,,,,"air_pressure, air_temperature, relative_humidity, wind_speed, wind_gust, wind_from_direction, sea_water_practical_salinity (1 m), sea_water_temperature (1 m)",POINT (-77.3617 33.9877)
SECOORA,34.209,-76.9469,moored_buoy,Y,Yf,X,,,,X,X,X,X,,,,,,,,,,,,,,,,,,,"air_pressure, air_temperature, relative_humidity, wind_speed, wind_gust, wind_from_direction, sea_water_practical_salinity (1 m), sea_water_temperature (1 m)",POINT (-76.9469 34.209)
SECOORA,34.2073,-76.9488,wave_buoy,Y,Yp,,,,,,,,,,,,,X,,,,,,,,,,,,,,"sea_surface_wave_significant_height, sea_surface_wave_period_at_variance_spectral_density_maximum,  sea_surface_wave_mean_period_from_variance_spectral_density_first_frequency_moment,  sea_surface_wave_from_direction, sea_surface_wave_zero_upcrossing_period, sea_surface_wave_variance_spectral_density, sea_surface_temperature",POINT (-76.94880000000001 34.2073)
SECOORA,34.1445,-77.7183,wave_buoy,Y,Yp,,,,,,,,,,,,,X,,,,,,,,,,,,,,"sea_surface_wave_significant_height, sea_surface_wave_period_at_variance_spectral_density_maximum,  sea_surface_wave_mean_period_from_variance_spectral_density_first_frequency_moment,  sea_surface_wave_from_direction, sea_surface_wave_zero_upcrossing_period, sea_surface_wave_variance_spectral_density, sea_surface_temperature",POINT (-77.7183 34.1445)
SECOORA,33.8444,-78.4839,moored_buoy,Y,Yf,X,,,,X,X,X,X,,,,,,,,,,,,,,,,,,,"air_pressure, air_temperature, relative_humidity, wind_speed, wind_gust, wind_from_direction, sea_water_practical_salinity (1 m), sea_water_temperature (1 m)",POINT (-78.48390000000001 33.8444)
SECOORA,33.8395,-78.4842,wave_buoy,Y,Yf,,,,,,,,,,,,,X,,,,,,,,,,,,,,"sea_surface_wave_significant_height, sea_surface_wave_height_maximum, sea_surface_wave_height_maximum Htenth, sea_surface_wave_from_direction, sea_surface_wave_period",POINT (-78.4842 33.8395)
SECOORA,33.9941,-77.3524,fixed,Y,Yf,X,,,,,,,,,,,,X,X,,,,,,,,,,,,,"sea_water_to_direction (mult), eastward_sea_water_velocity (mult), northward_sea_water_velocity (mult), sea_surface_wave_significant_height, sea_surface_wave_from_direction, sea_surface_wave_significant_period, sea_water_temperature (10  m), sea_water_practical_salinity (29 m), sea_water_temperature (29 m)",POINT (-77.3524 33.9941)
SECOORA,34.14,-77.8625,fixed,Y,N,X,,,,X,X,X,X,X,X,,,,,X,X,,,,X,,X,,,,,"air_pressure, air_temperature, wind_chill, relative_humidity, wind_speed, wind_gust, wind_from_direction, sea_water_practical_salinity, sea_water_temperature, sea_water_conductivity, solar_radiation, precipitation_daily, sea_water_pH, sea_water_turbidity, sea_water_chlorophyll_a_concentration, sea_water_dissolved_oxygen",POINT (-77.8625 34.14)
SECOORA,35.75,-75.33,wave_buoy,Y,N,,,,,,,,,,,,,X,,,,,,,,,,,,,,"sea_surface_wave_significant_height, sea_surface_wave_period_at_variance_spectral_density_maximum,  sea_surface_wave_mean_period_from_variance_spectral_density_first_frequency_moment,  sea_surface_wave_from_direction, sea_surface_wave_zero_upcrossing_period, sea_surface_wave_variance_spectral_density, sea_surface_temperature",POINT (-75.33 35.75)
SECOORA,36.0013,-75.421,wave_buoy,Y,N,,,,,,,,,,,,,X,,,,,,,,,,,,,,"sea_surface_wave_significant_height, sea_surface_wave_period_at_variance_spectral_density_maximum,  sea_surface_wave_mean_period_from_variance_spectral_density_first_frequency_moment,  sea_surface_wave_from_direction, sea_surface_wave_zero_upcrossing_period, sea_surface_wave_variance_spectral_density, sea_surface_temperature",POINT (-75.42100000000001 36.0013)
SECOORA,29.6154,-81.2049,fixed,Y,N,X,,,,X,X,X,X,X,,,X,,,,,,,,,,,,,,,"air_temperature, sea_water_temperature, wind_from_direction, wind_speed, air_pressure, relative_humidity, lwe_thickness_of_precipitation_amount, sea_water_electrical_conductivity, sea_water_practical_salinity, sea_surface_height_above_sea_level",POINT (-81.20489999999999 29.6154)
SECOORA,27.4675,-80.3008,fixed,U,N,X,,,,,,,,,,,X,,,,,,,,,,,,,,,"sea_water_temperature, sea_surface_height_above_sea_level",POINT (-80.3008 27.4675)
SECOORA,29.6743,-85.0581,fixed,U,N,X,,,,X,X,X,X,X,,,X,,,X,X,,,,,,,,,,,"air_temperature, sea_water_temperature, wind_from_direction, wind_speed, air_pressure, relative_humidity, lwe_thickness_of_precipitation_amount, sea_water_electrical_conductivity, fractional_saturation_of_oxygen_in_sea_water, sea_water_ph_reported_on_total_scale, sea_water_practical_salinity, turbidity, sea_surface_height_above_sea_level",POINT (-85.0581 29.6743)
SECOORA,29.7857,-84.8753,fixed,U,N,,,,,X,X,X,X,X,,,X,,,,,,,,,,,,,,,"air_temperature, wind_from_direction, wind_speed, air_pressure, relative_humidity, lwe_thickness_of_precipitation_amount, sea_surface_height_above_sea_level",POINT (-84.8753 29.7857)
SECOORA,29.7557,-85.0035,fixed,Y,N,X,,,,X,X,X,X,X,,,X,,,X,X,,,,,,,,,,,"air_temperature, sea_water_temperature, wind_from_direction, wind_speed, air_pressure, relative_humidity, lwe_thickness_of_precipitation_amount, sea_water_electrical_conductivity, fractional_saturation_of_oxygen_in_sea_water, sea_water_ph_reported_on_total_scale, sea_water_practical_salinity, turbidity, sea_surface_height_above_sea_level",POINT (-85.0035 29.7557)
SECOORA,28.0837,-80.592,fixed,Y,N,X,,,,,,,,,,,X,,,,,,,,,,,,,,,"sea_water_temperature, sea_water_electrical_conductivity, sea_water_practical_salinity, sea_surface_height_above_sea_level",POINT (-80.592 28.0837)
SECOORA,29.6014,-85.0277,fixed,U,N,X,,,,X,X,X,X,X,,,X,,,X,X,,,,,,,,,,,"air_temperature, sea_water_temperature, wind_from_direction, wind_speed, air_pressure, relative_humidity, lwe_thickness_of_precipitation_amount, sea_water_electrical_conductivity, fractional_saturation_of_oxygen_in_sea_water, sea_water_ph_reported_on_total_scale, sea_water_practical_salinity, turbidity, sea_surface_height_above_sea_level",POINT (-85.0277 29.6014)
SECOORA,29.0635,-80.9161,fixed,Y,N,X,,,,X,X,X,X,X,,,X,,,,,,,,,,,,,,,"air_temperature, sea_water_temperature, wind_from_direction, wind_speed, air_pressure, relative_humidity, lwe_thickness_of_precipitation_amount, sea_surface_height_above_sea_level",POINT (-80.9161 29.0635)
SECOORA,27.1653,-80.1628,fixed,U,N,X,,,,X,X,X,X,X,,,X,,,,,,,,,,,,,,,"air_temperature, sea_water_temperature, wind_from_direction, wind_speed, air_pressure, relative_humidity, lwe_thickness_of_precipitation_amount, sea_water_electrical_conductivity, sea_water_practical_salinity, sea_surface_height_above_sea_level",POINT (-80.1628 27.1653)
SECOORA,29.9947,-81.3296,fixed,Y,N,X,,,,X,X,X,X,X,,,X,,,,,,,,,,,,,,,"air_temperature, sea_water_temperature, wind_from_direction, wind_speed, air_pressure, relative_humidity, lwe_thickness_of_precipitation_amount, sea_water_electrical_conductivity, sea_water_practical_salinity, sea_surface_height_above_sea_level",POINT (-81.3296 29.9947)
SECOORA,27.2244,-80.2023,moored_buoy,Y,N,X,,X,,X,X,X,X,X,X,,,,X,X,X,,,,,,X,X,,,,"sea_water_temperature, air_temperatue, relative_humidity, wind_speed, wind_from_direction, wind_speed_of_gust, air_pressure, precipitation_increment, mass_concentration_of_chlorophyll_in_sea_water, sea_water_electrical_conductivity, direction_of_sea_water_velocity, sea_water_speed, depth, fractional_saturation_of_oxygen_in_sea_water, mass_concentration_of_oxygen_in_sea_water, mole_concentration_of_nitrate_in_sea_water, phosphate, surface_downwelling_photosynthetic_photon_flux_in_air, turbidity, sea_water_practical_salinity, sea_water_pressure",POINT (-80.20229999999999 27.2244)
SECOORA,27.8391,-80.4708,moored_buoy,Y,N,X,,X,,,,,,,,,,,X,X,X,,,,,,X,X,,,,"sea_water_temperature, mass_concentration_of_chlorophyll_in_sea_water, sea_water_electrical_conductivity, sea_water_practical_salinity, direction_of_sea_water_velocity, sea_water_speed, depth, fractional_saturation_of_oxygen_in_sea_water, mass_concentration_of_oxygen_in_sea_water, mole_concentration_of_nitrate_in_sea_water, phosphate, turbidity, sea_water_pressure",POINT (-80.4708 27.8391)
SECOORA,27.5901,-80.3553,moored_buoy,Y,N,X,,X,,,,,,,,,,,X,X,X,,,,,,X,X,,,,"sea_water_temperature, mass_concentration_of_chlorophyll_in_sea_water, sea_water_electrical_conductivity, sea_water_practical_salinity, direction_of_sea_water_velocity, sea_water_speed, depth, fractional_saturation_of_oxygen_in_sea_water, mass_concentration_of_oxygen_in_sea_water, mole_concentration_of_nitrate_in_sea_water, phosphate, turbidity, sea_water_pressure",POINT (-80.3553 27.5901)
SECOORA,27.5348,-80.3431,moored_buoy,Y,N,X,,X,,X,X,X,X,X,X,,,,X,X,X,,,,,,X,X,,,,"sea_water_temperature, air_temperatue, relative_humidity, wind_speed, wind_from_direction, wind_speed_of_gust, air_pressure, precipitation_increment, mass_concentration_of_chlorophyll_in_sea_water, sea_water_electrical_conductivity, direction_of_sea_water_velocity, sea_water_speed, depth, fractional_saturation_of_oxygen_in_sea_water, mass_concentration_of_oxygen_in_sea_water, mole_concentration_of_nitrate_in_sea_water, phosphate, surface_downwelling_photosynthetic_photon_flux_in_air, turbidity, sea_water_practical_salinity, sea_water_pressure",POINT (-80.34310000000001 27.5348)
SECOORA,27.4756,-80.3266,moored_buoy,Y,N,X,,X,,,,,,,,,,,X,X,X,,,,,,X,X,,,,"sea_water_temperature, mass_concentration_of_chlorophyll_in_sea_water, sea_water_electrical_conductivity, sea_water_practical_salinity, direction_of_sea_water_velocity, sea_water_speed, depth, fractional_saturation_of_oxygen_in_sea_water, mass_concentration_of_oxygen_in_sea_water, mole_concentration_of_nitrate_in_sea_water, phosphate, turbidity, sea_water_pressure",POINT (-80.3266 27.4756)
SECOORA,27.21,-80.2692,moored_buoy,Y,N,X,,X,,X,X,X,X,X,X,,,,X,X,X,,,,,,X,X,,,,"sea_water_temperature, air_temperatue, relative_humidity, wind_speed, wind_from_direction, wind_speed_of_gust, air_pressure, precipitation_increment, mass_concentration_of_chlorophyll_in_sea_water, sea_water_electrical_conductivity, direction_of_sea_water_velocity, sea_water_speed, depth, fractional_saturation_of_oxygen_in_sea_water, mass_concentration_of_oxygen_in_sea_water, mole_concentration_of_nitrate_in_sea_water, phosphate, surface_downwelling_photosynthetic_photon_flux_in_air, turbidity, sea_water_practical_salinity, sea_water_pressure",POINT (-80.2692 27.21)
SECOORA,27.1878,-80.2642,moored_buoy,Y,N,X,,X,,X,X,X,X,X,X,,,,X,X,X,,,,,,X,X,,,,"sea_water_temperature, air_temperatue, relative_humidity, wind_speed, wind_from_direction, wind_speed_of_gust, air_pressure, precipitation_increment, mass_concentration_of_chlorophyll_in_sea_water, sea_water_electrical_conductivity, direction_of_sea_water_velocity, sea_water_speed, depth, fractional_saturation_of_oxygen_in_sea_water, mass_concentration_of_oxygen_in_sea_water, mole_concentration_of_nitrate_in_sea_water, phosphate, surface_downwelling_photosynthetic_photon_flux_in_air, turbidity, sea_water_practical_salinity, sea_water_pressure",POINT (-80.2642 27.1878)
SECOORA,27.2089,-80.248,moored_buoy,Y,N,X,,X,,X,X,X,X,X,X,,,,X,X,X,,,,,,X,X,,,,"sea_water_temperature, air_temperatue, relative_humidity, wind_speed, wind_from_direction, wind_speed_of_gust, air_pressure, precipitation_increment, mass_concentration_of_chlorophyll_in_sea_water, sea_water_electrical_conductivity, direction_of_sea_water_velocity, sea_water_speed, depth, fractional_saturation_of_oxygen_in_sea_water, mass_concentration_of_oxygen_in_sea_water, mole_concentration_of_nitrate_in_sea_water, phosphate, surface_downwelling_photosynthetic_photon_flux_in_air, turbidity, sea_water_practical_salinity, sea_water_pressure",POINT (-80.248 27.2089)
SECOORA,27.1649,-80.1718,moored_buoy,Y,N,X,,X,,X,X,X,X,X,X,,,,X,X,X,,,,,,X,X,,,,"sea_water_temperature, air_temperatue, relative_humidity, wind_speed, wind_from_direction, wind_speed_of_gust, air_pressure, precipitation_increment, mass_concentration_of_chlorophyll_in_sea_water, sea_water_electrical_conductivity, direction_of_sea_water_velocity, sea_water_speed, depth, fractional_saturation_of_oxygen_in_sea_water, mass_concentration_of_oxygen_in_sea_water, mole_concentration_of_nitrate_in_sea_water, phosphate, surface_downwelling_photosynthetic_photon_flux_in_air, turbidity, sea_water_practical_salinity, sea_water_pressure",POINT (-80.1718 27.1649)
SECOORA,27.1142,-80.2829,moored_buoy,Y,N,X,,X,,X,X,X,X,X,X,,,,X,X,X,,,,,,X,X,,,,"sea_water_temperature, air_temperatue, relative_humidity, wind_speed, wind_from_direction, wind_speed_of_gust, air_pressure, precipitation_increment, mass_concentration_of_chlorophyll_in_sea_water, sea_water_electrical_conductivity, direction_of_sea_water_velocity, sea_water_speed, depth, fractional_saturation_of_oxygen_in_sea_water, mass_concentration_of_oxygen_in_sea_water, mole_concentration_of_nitrate_in_sea_water, phosphate, surface_downwelling_photosynthetic_photon_flux_in_air, turbidity, sea_water_practical_salinity, sea_water_pressure",POINT (-80.2829 27.1142)
