RA,Station ID,WMO ID or NWS/CMAN ID,Station Long Name,Station Description,Latitude (dec deg),Longitude (dec deg),Platform Type,"Station Deployment (mm/yyyy, yyyy, < 5 yr, > 5 yr)","Currently Operational? (Y, N, O, U)",Platform Funder/Sponsor,"RA Funding Involvement (Yf, Yp, N)",Platform Operator/Owner,Operator Sector,Platform Maintainer,Data Manager,"Variable Names + water column depth of measurement in meters [CF_name (# m, # m) or CF_name (mult) or CF_name (# depths)].",Additional notes,file,Unnamed: 18
AOOS,CSESM,,Chukchi Sea Ecosystem Mooring (CSESM) Array,"Hannah Shoal subsurface ecosystem mooring; Seabird 37sm, SBE SEAPHox, Contros HYDRO-C, Satlantic SUNA, Hydrobios, Aural Sequoia LISST, Teledyne ADCP, Aanderaa RCM9, ",71.6,-161.5,moored_buoy,2015-09-01 00:00:00,Y,"AOOS, NPRB, UAF, others",Yp,UAF_COFS,Academic,UAF,AOOS,"sea_water_temperature (35m, 48m, near-bottom), sea_water_electrical_conductivity (35m, 48m, near-bottom), sea_water_practical_salinity (35m, 48m, near-bottom), current_velocity (3-30 m, 1m bins; near-bottom), sea_surface_wave_significant_height, sea_surface_wave_to_direction, sea_surface_wave_mean_period, nitrate (35m), dissolved_oxygen (35 m), sea_water_pH_reported_on_total_scale (35 m), partial_pressure_of_carbon_dioxide_in_sea_water (35 m), sediment_trap_parameters (38m), fish_and_plankton_acoustic_profile (0.5-30m in 4 cm bins), partical_size_spectra (35 m), sea_water_pressure (35 m, near bottom)","Rotated Annually.  ~1 year lag on data ingestion. NOT SURE OF CF NAMES for all these variables as it depends on the units;  Not sure what sediment trap parameters are being reported;  not sure CF name for fish and plankton acoustics; not sure CF name for partical size.  These data are being processed in the workspace…as soon as I know the variables reported out, I will update. 2018 (KB: Don't worry about CF names, I'll figure it out).",AOOS.xlsx,
AOOS,urn:gulf-of-alaska-ecosystem-obse,,Gulf of Alaska Ecosystem Observatory-GEO1,"Surface real time mooring: CDOM, 150kHz ADCP, SBE 37 TSP, ITP (Profiling CTD_ conductivity, temperature, pressure, salinity, depth, Chlorophyll, CDOM, OBS, DO, NO3), GPS, wind speed, wind direction, air temp, relative humidity, dew point, barometric pressure,  downwelling photosynthetic photon flux in sea water",59.0142,-148.6902,Fixed moored_buoy,2019-07-11 00:00:00,Y,"M.J. Murdock Charitable Trust, AOOS, NPRB, Gulf Watch (Exxom Valdez Oil Spill Trustees Council) , UAF, NSF-LTER, others",Yp,UAF_COFS,Academic,UAF,AOOS,"Real time mooring: 150kHz ADCP (205m), SBE 37 TSP (205m), ITP (Profiling CTD:  sea_water_electrical_conductivity, sea_water_temperature, sea_water_pressure, sea_water_practical_salinity, depth, mass_concentration_of_chlorophyll_in_sea_water, CDOM, OBS, DO, NO3); GPS, wind_speed, wind_from_direction, air_temperature, relative_humidity, dew_point_temperature, air_pressure,  downwelling_photosynthetic_photon_flux_in_sea_water (1m),  mass_concentration_of_chlorophyll_in_sea_water (1m)",The buoy is not serving real time data feeds from the profiling CTD the ADCP current meter. The Surface MET sensors and the 1 m fluorometer and PAR are reporting data realtime. Woill work on WMO assignments in 2020.,AOOS.xlsx,
AOOS,urn:gulf-of-alaska-ecosystem-obse-1, ,Gulf of Alaska Ecosystem Observatory-GEO3,"Surface real time mooring: GPS, wind speed, wind direction, air temp, relative humidity, dew point, barometric pressure, Chlorophyll",59.0165,-148.696,Fixed moored_buoy,2019-07-11 00:00:00,Y,"M.J. Murdock Charitable Trust, AOOS, NPRB, Gulf Watch (Exxom Valdez Oil Spill Trustees Council) , UAF, NSF-LTER, others",Yp,UAF_COFS,Academic,UAF,AOOS,"Real time mooring: GPS, wind_speed, wind_from_direction, air_temperature, relative_humidity, dew_point_temperature, air_pressure, mass_concentration_of_chlorophyll_in_sea_water (5m), sea_water_electrical_conductivity (5m), downwelling_photosynthetic_photon_flux_in_sea_water (5m), sea_water_temperature (5m),  sea_water_practical_salinity (5m)","Note: The 5 m SBE 37 CTD (Conductivity, temperature, pressure and salinity) is not currently reporting for this mooring. It stopped reporting data after a storm on November 11, 2019. It is not clear why. Surface buoy MET and PAR variables stopped reporting meaningful values after a storm Dec 9.. Will work on WMO assignemens in 2020.",AOOS.xlsx,
AOOS,urn:ioos:station:org.gulfwatchalaska:GAK1,,Oceanographic Station GAK1,"Longterm non-realtime physcial parameters mooring since 1998; Resurrection Bay, Seward",59.845,-149.466667,moored_buoy,1905-06-20 00:00:00,Y,"UAF, Exxon Valdez Oil Spill Trustees Council, and multiple entities over the years (NSF NE Pacific GLOBEC, NPRB)",N,UAF_COFS,Academic,UAF COFS,"UAF, AOOS ","NOT REAL TIME: sea_water_temperature (30 m, 60 m, 100 m, 150 m, 200 m, 250 m), sea_water_electrical_conductivity (30 m, 60 m, 100 m, 150 m, 200 m, 250 m), sea_water_salinity (30 m, 60 m, 100 m, 150 m, 200 m, 250 m)",Subsurface mooring collecting CTD paramaters; http://www.ims.uaf.edu/gak1/; http://www.gulfwatchalaska.org/monitoring/environmental-drivers/gulf-of-alaska-mooring-gak1-monitoring/,AOOS.xlsx,
AOOS,urn:ioos:station:gov.noaa.pmel:GAK_Seward,,GAKOA-Gulf of Alaska Ocean Acidification Mooring,"Resurrection Bay, Seward, Real-time OA parameters",59.85,-149.5,moored_buoy,2011-05-19 00:00:00,Y,"AOOS, NOAA",Yp,NOAA_PMEL,gov_federal,"NOAA PMEL, UAF_OARC",NOAA,"dissolved_carbon_dixoide_ppm, partial_pressure_of_carbon_dioxide_in_sea_water, sea_water_pH, sea_water_temperature, sea_water_salinity, barometric_pressure",,AOOS.xlsx,
AOOS,urn:ioos:station:gov.noaa.pmel:m2,,Ocean Acidification Mooring M2,"Bering Sea, Real-time OA parameters",56.87,-164.06,moored_buoy,1905-07-03 00:00:00,Y,"AOOS, NOAA",Yp,NOAA_PMEL,gov_federal,"NOAA, PMEL, UAF_OARC",NOAA,"dissolved_carbon_dixoide_ppm, partial_pressure_of_carbon_dioxide_in_sea_water , sea_water_pH, sea_water_temperature, sea_water_salinity, barometric_pressure",,AOOS.xlsx,
AOOS,urn:ioos:station:org.mxak:AKUTAN_WX,,"Akutan, Port",WEATHER (no AIS); AIS LOCATED AT DIFFERENT SPOT,54.1321,-165.7818,Fixed,2017-06-14 00:00:00,Y,AOOS,Yf,Marine Exchnge of Alaska,nonprofit,MXAK (Marine Exchange of Alaska),AOOS,"dew_point_temperaure, air_temperature, air_pressure, relative_humidity, wind_speed_of_gust, wind_gust_from_direction, wind_speed, wind_from_direction",need to cross check station ,AOOS.xlsx,
AOOS,urn:ioos:station:org.mxak:ANCHORAGE_PORT,,Anchorage Port,AIS TRANSCEIVER WITH WEATHER,61.238746,-149.888778,Fixed,2015-05-05 00:00:00,Y,AOOS,Yf,Marine Exchnge of Alaska,nonprofit,MXAK (Marine Exchange of Alaska),AOOS,"dew_point_temperaure, air_temperature, air_pressure, relative_humidity, wind_speed_of_gust, wind_gust_from_direction, wind_speed, wind_from_direction",,AOOS.xlsx,
AOOS,or_mxak_bethel,,Bethel,Weather (not sure if there is AIS there),60.7915,-161.7487,Fixed,2019-12-28 00:00:00,Y,AOOS,Yp,Marine Exchange of Alaska,nonprofit,MXAK (Marine Exchange of Alaska),AOOS,"dew_point_temperaure, air_temperature, air_pressure, relative_humidity, wind_speed_of_gust, wind_gust_from_direction, wind_speed, wind_from_direction",New in 2019 but AOOS not reporting until 2020,AOOS.xlsx,
AOOS,urn:ioos:station:org.mxak:CAPE_DECISION, CDXA2,Cape Decision,AIS STATION WITH WEATHER,56.001483,-134.136,Fixed,2015-05-05 00:00:00,N,MXAK,N,Marine Exchnge of Alaska,nonprofit,MXAK (Marine Exchange of Alaska),AOOS,"dew_point_temperaure, air_temperature, air_pressure, relative_humidity, wind_speed_of_gust, wind_gust_from_direction, wind_speed, wind_from_direction","Reported thru August 19, 2020",AOOS.xlsx,
AOOS,urn:ioos:station:org.mxak:CAPTAINS_BAY,,Captains Bay - Dutch Harbor,WEATHER (No AIS),53.842909,-166.583242,Fixed,2018-12-12 00:00:00,Y,AOOS,Yf,Marine Exchange of Alaska,nonprofit,MXAK (Marine Exchange of Alaska),AOOS,"dew_point_temperaure, air_temperature, air_pressure, relative_humidity, wind_speed_of_gust, wind_gust_from_direction, wind_speed, wind_from_direction",,AOOS.xlsx,
AOOS,urn:ioos:station:org.mxak:CORDOVA_WX,,Cordova,AIS TRANSCEIVER WITH WEATHER ,60.542375,-145.765979,Fixed,2017-07-26 00:00:00,Y,AOOS,Yf,Marine Exchnge of Alaska,nonprofit,MXAK (Marine Exchange of Alaska),AOOS,,,AOOS.xlsx,
AOOS,urn:ioos:station:org.mxak:DEAD_HORSE,,"Deadhorse, Prudhoe Bay",AIS TRANSCEIVER WITH WEATHER,70.22235,-148.419267,Fixed,2015-10-01 00:00:00,Y,AOOS,Yf,Marine Exchnge of Alaska,nonprofit,MXAK (Marine Exchange of Alaska),AOOS,"dew_point_temperaure, air_temperature, air_pressure, relative_humidity, wind_speed_of_gust, wind_gust_from_direction, wind_speed, wind_from_direction",,AOOS.xlsx,
AOOS,urn:ioos:station:org.mxak:DUTCH_HARBOR_APL,,Dutch Harbor APL,WEATHER (NO AIS),53.883648,-166.531315,Fixed,2015-05-05 00:00:00,Y,MXAK,N,Marine Exchnge of Alaska,nonprofit,MXAK (Marine Exchange of Alaska),AOOS,"dew_point_temperaure, air_temperature, air_pressure, relative_humidity, wind_speed_of_gust, wind_gust_from_direction, wind_speed, wind_from_direction",,AOOS.xlsx,
AOOS,urn:ioos:station:org_mxak_dutch_harbor_pilotst,,Dutch Harbor PilotSta,"Weather, not sure about AIS",53.8891,-166.54212,Fixed,2018-12-12 00:00:00,Y,"AOOS, MXAK",Yp,Marine Exchange of Alaska,nonprofit,MXAK (Marine Exchange of Alaska),AOOS,"air_temperature, air_pressure, dew_point_temperature, relative_humidity,  wind_speed_of_gust,  wind_gust_from_direction, wind_speed, wind_from_direction","Not sure why this not on 2019 inventory, but we may not have started posting data until 2020. IT happens.",AOOS.xlsx,
AOOS,urn:ioos:station:org.mxak:DUTCH_HARBOR_PORT_OFFICE,,Dutch Harbor - Port Office,WEATHER (NO AIS),53.902729,-166.5284,Fixed,2015-07-02 00:00:00,Y,MXAK,N,Marine Exchnge of Alaska,nonprofit,MXAK (Marine Exchange of Alaska),AOOS,"dew_point_temperaure, air_temperature, air_pressure, relative_humidity, wind_speed_of_gust, wind_gust_from_direction, wind_speed, wind_from_direction",,AOOS.xlsx,
AOOS,urn:ioos:station:org.mxak:ELDRED_ROCK, ERXA2,Eldred Rock,AIS STATION WITH WEATHER,58.971348,-135.220808,Fixed,2015-05-05 00:00:00,Y,MXAK,N,Marine Exchnge of Alaska,nonprofit,MXAK (Marine Exchange of Alaska),AOOS,"dew_point_temperaure, air_temperature, air_pressure, relative_humidity, wind_speed_of_gust, wind_gust_from_direction, wind_speed, wind_from_direction",,AOOS.xlsx,
AOOS,urn:ioos:station:org.mxak:GAMBELL,,"Gambell, St. Lawrence Island",Weather and AIS eATON/Transceiver ,63.776913,-171.71531,Fixed,2019-05-31 00:00:00,Y,"AOOS, MXAK",Yp,Marine Exchange of Alaska,nonprofit,MXAK (Marine Exchange of Alaska),AOOS,"dew_point_temperaure, air_temperature, air_pressure, relative_humidity, wind_speed_of_gust, wind_gust_from_direction, wind_speed, wind_from_direction",,AOOS.xlsx,
AOOS,org_mxak_george_island,,George Island,Weather and AIS    ,58.2118,-136.3813,Fixed,2019-12-22 00:00:00,Y,MXAK,N,Marine Exchange of Alaska,nonprofit,MXAK (Marine Exchange of Alaska),AOOS,"dew_point_temperaure, air_temperature, air_pressure, relative_humidity, wind_speed_of_gust, wind_gust_from_direction, wind_speed, wind_from_direction",New in late 2019. Not reporting on AOOS until 2020,AOOS.xlsx,
AOOS,urn:ioos:station:org.mxak:GUARD_ISLAND, GIXA2,Guard Island,WEATHER (NO AIS),55.446433,-131.8810333,Fixed,2015-05-05 00:00:00,Y,AOOS,Yf,Marine Exchnge of Alaska,nonprofit,MXAK (Marine Exchange of Alaska),AOOS,"dew_point_temperaure, air_temperature, air_pressure, relative_humidity, wind_speed_of_gust, wind_gust_from_direction, wind_speed, wind_from_direction",,AOOS.xlsx,
AOOS,urn:ioos:station:org.mxak:GUSTAVUS, GUXA2,Gustavus Dock,AIS TRANSCEIVER WITH WEATHER,58.407733,-135.726317,Fixed,2014-09-19 00:00:00,Y,AOOS,Yf,Marine Exchnge of Alaska,nonprofit,MXAK (Marine Exchange of Alaska),AOOS,"dew_point_temperaure, air_temperature, air_pressure, relative_humidity, wind_speed_of_gust, wind_gust_from_direction, wind_speed, wind_from_direction",Need to check install date (2014) vs date AOOS started reporting (July 2017),AOOS.xlsx,
AOOS,urn:ioos:station:org.mxak:HAINES, HAXA2,Haines Harbor,AIS TRANSCEIVER WITH WEATHER,59.234083,-135.441717,Fixed,2015-09-01 00:00:00,Y,AOOS,Yf,Marine Exchnge of Alaska,nonprofit,MXAK (Marine Exchange of Alaska),AOOS,"dew_point_temperaure, air_temperature, air_pressure, relative_humidity, wind_speed_of_gust, wind_gust_from_direction, wind_speed, wind_from_direction",need to cross check station ,AOOS.xlsx,
AOOS,urn:ioos:station:org.mxak:HOMER_SPIT, HMSA2,Homer Spit (Homer Port),AIS TRANSCEIVER WITH WEATHER,59.60206,-151.417436,Fixed,2015-05-05 00:00:00,Y,AOOS,Yf,Marine Exchnge of Alaska,nonprofit,MXAK (Marine Exchange of Alaska),AOOS,"dew_point_temperaure, air_temperature, air_pressure, relative_humidity, wind_speed_of_gust, wind_gust_from_direction, wind_speed, wind_from_direction",,AOOS.xlsx,
AOOS,urn:ioos:station:org.mxak:ICY_BAY,ICYA2,Icy Bay,AIS STATION WITH WEATHER,59.92345,-141.358617,Fixed,2015-05-05 00:00:00,Y,MXAK,N,Marine Exchnge of Alaska,nonprofit,MXAK (Marine Exchange of Alaska),"NDBC, AOOS","dew_point_temperaure, air_temperature, air_pressure, relative_humidity, wind_speed_of_gust, wind_gust_from_direction, wind_speed, wind_from_direction","Note: On NDBC Site, this is not referred to as a CMAN. Go to: https://www.ndbc.noaa.gov/to_station.shtml",AOOS.xlsx,
AOOS,urn:ioos:station:org.mxak:JUNEAU_AML,JMLA2,Juneau AML,AIS TRANSCEIVER WITH WEATHER,58.285547,-134.389863,Fixed,2015-05-05 00:00:00,Y,AOOS,Yf,Marine Exchnge of Alaska,nonprofit,MXAK (Marine Exchange of Alaska),AOOS,"dew_point_temperaure, air_temperature, air_pressure, relative_humidity, wind_speed_of_gust, wind_gust_from_direction, wind_speed, wind_from_direction","Note: On NDBC Site, this is not referred to as a CMAN. Go to: https://www.ndbc.noaa.gov/to_station.shtml",AOOS.xlsx,
AOOS,urn:ioos:station:org.mxak:JUNEAU_AJ_DOCK, AJXA2,Juneau AJ Dock,Weather (no AIS),58.287244,-134.397994,Fixed,2017-07-26 00:00:00,Y,City and Bororugh of Juneau,N,Marine Exchnge of Alaska,nonprofit,MXAK (Marine Exchange of Alaska),AOOS,"dew_point_temperaure, air_temperature, air_pressure, relative_humidity, wind_speed_of_gust, wind_gust_from_direction, wind_speed, wind_from_direction",need to cross check station ,AOOS.xlsx,
AOOS,urn:ioos:station:org.mxak:JUNEAU_ANG_DOCK,,Juneau ANG Dock,Weather (no AIS),58.290687,-134.393968,Fixed,2017-07-26 00:00:00,Y,City and Bororugh of Juneau,N,Marine Exchnge of Alaska,nonprofit,MXAK (Marine Exchange of Alaska),AOOS,"dew_point_temperaure, air_temperature, air_pressure, relative_humidity, wind_speed_of_gust, wind_gust_from_direction, wind_speed, wind_from_direction",need to cross check station ,AOOS.xlsx,
AOOS,urn:ioos:station:org.mxak:JUNEAU_LIBRARY, JLXA2,Juneau Library,Weather (no AIS),28.298233,-134.404517,Fixed,2017-07-26 00:00:00,Y,City and Bororugh of Juneau,N,Marine Exchnge of Alaska,nonprofit,MXAK (Marine Exchange of Alaska),AOOS,"dew_point_temperaure, air_temperature, air_pressure, relative_humidity, wind_speed_of_gust, wind_gust_from_direction, wind_speed, wind_from_direction",need to cross check station ,AOOS.xlsx,
AOOS,urn:ioos:station:org.mxak:KAKTOVIK,,Kaktovik,AIS STATION WITH WEATHER,70.127565,-143.615929,Fixed,2018-08-01 00:00:00,Y,AOOS,Yf,Marine Exchange of Alaska,nonprofit,MXAK (Marine Exchange of Alaska),AOOS,"dew_point_temperaure, air_temperature, air_pressure, relative_humidity, wind_speed_of_gust, wind_gust_from_direction, wind_speed, wind_from_direction","This stopped reporting in Feb 2020. Plans are to replace, but COVID resrictions in 2020.",AOOS.xlsx,
AOOS,urn:ioos:station:org.mxak:KENAI,,Kenai,AIS TRANSCEIVER WITH WEATHER,60.531856,-151.253022,Fixed,2015-05-05 00:00:00,Y,AOOS,Yf,Marine Exchnge of Alaska,nonprofit,MXAK (Marine Exchange of Alaska),AOOS,"dew_point_temperaure, air_temperature, air_pressure, relative_humidity, wind_speed_of_gust, wind_gust_from_direction, wind_speed, wind_from_direction",,AOOS.xlsx,
AOOS,urn:ioos:station:org.mxak:KETCHIKAN, KEXA2,Ketichikan Harbor,Weather,55.3516,-131.6839,Fixed,2015-05-05 00:00:00,Y,AOOS,Yf,Marine Exchnge of Alaska,nonprofit,MXAK (Marine Exchange of Alaska),AOOS,"dew_point_temperaure, air_temperature, air_pressure, relative_humidity, wind_speed_of_gust, wind_gust_from_direction, wind_speed, wind_from_direction",,AOOS.xlsx,
AOOS,urn:ioos:station:org.mxak:SALMON_LANDING, SLXA2,"Ketchikan, Salmon Landing",WEATHER  (no AIS),55.3395,-131.644231,Fixed,2017-07-28 00:00:00,Y,AOOS,Yf,Marine Exchnge of Alaska,nonprofit,MXAK (Marine Exchange of Alaska),AOOS,"dew_point_temperaure, air_temperature, air_pressure, relative_humidity, wind_speed_of_gust, wind_gust_from_direction, wind_speed, wind_from_direction",need to cross check station ,AOOS.xlsx,
AOOS,urn:ioos:station:org.mxak:KODIAK_GULL_ISLAND,,"Kodiak, Gull Island",WEATHER (NO AIS),57.777316,-152.42522,Fixed,2016-05-24 00:00:00,N,AOOS,Yf,Marine Exchnge of Alaska,nonprofit,MXAK (Marine Exchange of Alaska),AOOS,"dew_point_temperaure, air_temperature, air_pressure, relative_humidity, wind_speed_of_gust, wind_gust_from_direction, wind_speed, wind_from_direction",,AOOS.xlsx,
AOOS,urn:ioos:station:org.mxak:LITTLE_ISLAND, LIXA2,Little Island,WEATHER (NO AIS),58.54002,-135.047064,Fixed,2015-05-05 00:00:00,Y,AOOS,Yf,Marine Exchnge of Alaska,nonprofit,MXAK (Marine Exchange of Alaska),AOOS,"dew_point_temperaure, air_temperature, air_pressure, relative_humidity, wind_speed_of_gust, wind_gust_from_direction, wind_speed, wind_from_direction",,AOOS.xlsx,
AOOS,urn:ioos:station:org.mxak:MARMION_ISLAND,MRNA2,Marmion Island,WEATHER (NO AIS),58.1983999,-134.256767,Fixed,2015-05-15 00:00:00,Y,AOOS,Yf,Marine Exchnge of Alaska,nonprofit,MXAK (Marine Exchange of Alaska),AOOS,"dew_point_temperaure, air_temperature, air_pressure, relative_humidity, wind_speed_of_gust, wind_gust_from_direction, wind_speed, wind_from_direction","Note: On NDBC Site, this is not referred to as a CMAN. Go to: https://www.ndbc.noaa.gov/to_station.shtml",AOOS.xlsx,
AOOS,urn:ioos:station:org.mxak:MARY_ISLAND,MRYA2,Mary Island,AIS STATION WITH WEATHER,55.099116,-131.182097,fixed,2015-05-05 00:00:00,Y,MXAK,N,Marine Exchnge of Alaska,nonprofit,MXAK (Marine Exchange of Alaska),"NDBC, AOOS","dew_point_temperaure, air_temperature, air_pressure, relative_humidity, wind_speed_of_gust, wind_gust_from_direction, wind_speed, wind_from_direction","Note: On NDBC Site, this is not referred to as a CMAN. Go to: https://www.ndbc.noaa.gov/to_station.shtml",AOOS.xlsx,
AOOS,urn:ioos:station:org.mxak:MENDENHALL_VALLEY, MVXA2,Mendenhall Valley,AIS STATION WITH WEATHER,58.3641,-134.605917,Fixed,2015-05-05 00:00:00,Y,MXAK,N,Marine Exchnge of Alaska,nonprofit,MXAK (Marine Exchange of Alaska),AOOS,"dew_point_temperaure, air_temperature, air_pressure, relative_humidity, wind_speed_of_gust, wind_gust_from_direction, wind_speed, wind_from_direction",,AOOS.xlsx,
AOOS,urn:ioos:station:org.mxak:MIDDLETON_ISLAND,,Middleton Island,AIS TRANSCEIVER WITH WEATHER,59.437667,-146.327533,Fixed,2015-09-30 00:00:00,Y,AOOS,Yf,Marine Exchnge of Alaska,nonprofit,MXAK (Marine Exchange of Alaska),AOOS,,,AOOS.xlsx,
AOOS,urn:ioos:station:org.mxak:MXAK_OFFICE, MXXA2,MXAK Office,WEATHER (NO AIS),58.301433,-134.42585,Fixed,2015-05-05 00:00:00,Y,MXAK,N,Marine Exchnge of Alaska,nonprofit,MXAK (Marine Exchange of Alaska),AOOS,"dew_point_temperaure, air_temperature, air_pressure, relative_humidity, wind_speed_of_gust, wind_gust_from_direction, wind_speed, wind_from_direction",,AOOS.xlsx,
AOOS,urn:ioos:station:org.mxak:NAKED_ISLAND, NKXA2,Naked Island,AIS ATon with WEATHER,58.255308,-134.945049,Fixed,2015-05-05 00:00:00,Y,AOOS,Yf,Marine Exchnge of Alaska,nonprofit,MXAK (Marine Exchange of Alaska),AOOS,"dew_point_temperaure, air_temperature, air_pressure, relative_humidity, wind_speed_of_gust, wind_gust_from_direction, wind_speed, wind_from_direction",,AOOS.xlsx,
AOOS,urn:ioos:station:org.mxak:NIKISKI,,Nikiski,AIS STATION WITH WEATHER,60.739666,-151.31045,Fixed,2015-05-05 00:00:00,Y,AOOS,Yf,Marine Exchnge of Alaska,nonprofit,MXAK (Marine Exchange of Alaska),AOOS,"dew_point_temperaure, air_temperature, air_pressure, relative_humidity, wind_speed_of_gust, wind_gust_from_direction, wind_speed, wind_from_direction",,AOOS.xlsx,
AOOS,urn:ioos:station:org.mxak:NIKOLSKI,NKLA2,Nikolski White Alice,AIS STATION WITH WEATHER,52.97215,-168.855417,Fixed,2015-05-05 00:00:00,Y,MXAK,N,Marine Exchnge of Alaska,nonprofit,MXAK (Marine Exchange of Alaska),AOOS,"dew_point_temperaure, air_temperature, air_pressure, relative_humidity, wind_speed_of_gust, wind_gust_from_direction, wind_speed, wind_from_direction","Note: On NDBC Site, this is not referred to as a CMAN. Go to: https://www.ndbc.noaa.gov/to_station.shtml",AOOS.xlsx,
AOOS,urn:ioos:station:org.mxak:NOME,,"Nome, Port Breakwater",WEATHER  (no AIS); AIS AT DIFFERENT NOME LOCALE,64.494037,-165.440035,Fixed,2017-07-26 00:00:00,Y,AOOS,Yf,Marine Exchnge of Alaska,nonprofit,MXAK (Marine Exchange of Alaska),AOOS,"dew_point_temperaure, air_temperature, air_pressure, relative_humidity, wind_speed_of_gust, wind_gust_from_direction, wind_speed, wind_from_direction",need to cross check station ,AOOS.xlsx,
AOOS,urn:ioos:station:org.mxak:POINT_GARDNER, PGXA2,Point Gardner ,WEATHER (no AIS),57.015542,-134.618333,Fixed,2017-05-22 00:00:00,Y,AOOS,Yf,Marine Exchnge of Alaska,nonprofit,MXAK (Marine Exchange of Alaska),AOOS,"dew_point_temperaure, air_temperature, air_pressure, relative_humidity, wind_speed_of_gust, wind_gust_from_direction, wind_speed, wind_from_direction",need to cross check station ,AOOS.xlsx,
AOOS,urn:ioos:station:org.mxak:PORTLAND_ISLAND,PTLA2,Portland Island,WEATHER (NO AIS),58.3464,-134.752283,Fixed,2015-05-05 00:00:00,Y,AOOS,Yf,Marine Exchnge of Alaska,nonprofit,MXAK (Marine Exchange of Alaska),"NDBC, AOOS","dew_point_temperaure, air_temperature, air_pressure, relative_humidity, wind_speed_of_gust, wind_gust_from_direction, wind_speed, wind_from_direction","Note: On NDBC Site, this is not referred to as a CMAN. Go to: https://www.ndbc.noaa.gov/to_station.shtml",AOOS.xlsx,
AOOS,urn:ioos:station:org.mxak:POINT_ARDEN, PAXA2,"Point Arden, AK","Weather, not sure about AIS",58.1953,-134.178,Fixed,2018-12-12 00:00:00,Y,Marine Exchange of Alaska,N,Marine Exchange of Alaska,nonprofit,MXAK (Marine Exchange of Alaska),NDBC,"air_temperature, air_pressure, relative_humidity,  wind_speed, wind_from_direction, battery_voltage","Found it on AOOS portal, reporting since 2018, was offline a bit in early 2019, but reporting otherwise.",AOOS.xlsx,
AOOS,urn:ioos:station:org.mxak:ROCKY_ISLAND, RIXA2,Rocky Island,WEATHER (NO AIS),58.177057,-135.051541,Fixed,2015-05-05 00:00:00,Y,AOOS,Yf,Marine Exchnge of Alaska,nonprofit,MXAK (Marine Exchange of Alaska),AOOS,"dew_point_temperaure, air_temperature, air_pressure, relative_humidity, wind_speed_of_gust, wind_gust_from_direction, wind_speed, wind_from_direction",,AOOS.xlsx,
AOOS,urn:ioos:station:org.mxak:SAVOONGA,,"Savoonga, St. Lawrence Island",Weather and AIS eATON/Transceiver ,63.692645,-170.492243,Fixed,2019-05-31 00:00:00,Y,"AOOS, MXAK",Yp,Marine Exchange of Alaska,nonprofit,MXAK (Marine Exchange of Alaska),AOOS,"dew_point_temperaure, air_temperature, air_pressure, relative_humidity, wind_speed_of_gust, wind_gust_from_direction, wind_speed, wind_from_direction","Stations with Transceivers can transmit weather obs real time to mariners, bypassing the need for internet service. MXAK is upgrading many stations to include ATONs for this purpose, when they install weather sensors. ",AOOS.xlsx,
AOOS,urn:ioos:station:org.mxak:SCULL_ISLAND, SCXA2,Scull Island,WEATHER (NO AIS),58.204728,-134.645772,Fixed,2015-05-05 00:00:00,Y,AOOS,Yf,Marine Exchnge of Alaska,nonprofit,MXAK (Marine Exchange of Alaska),AOOS,"dew_point_temperaure, air_temperature, air_pressure, relative_humidity, wind_speed_of_gust, wind_gust_from_direction, wind_speed, wind_from_direction",,AOOS.xlsx,
AOOS,urn:ioos:station:org.mxak:SEWARD_HARBOR,,Seward Harbor,AIS TRANSCEIVER WITH WEATHER,60.115578,-149.434214,Fixed,2016-06-06 00:00:00,Y,AOOS,Yf,Marine Exchnge of Alaska,nonprofit,MXAK (Marine Exchange of Alaska),AOOS,"dew_point_temperaure, air_temperature, air_pressure, relative_humidity, wind_speed_of_gust, wind_gust_from_direction, wind_speed, wind_from_direction",need to cross check station ,AOOS.xlsx,
AOOS,urn:ioos:station:org_mxak_ship_island,,Ship Island,Weather and AIS    ,53.5989,-132.2032,Fixed,2019-12-22 00:00:00,Y,"AOOS, MXAK",Yp,Marine Exchange of Alaska,nonprofit,MXAK (Marine Exchange of Alaska),AOOS,"air_temperature, air_pressure, dew_point_temperature, relative_humidity,  wind_speed_of_gust,  wind_gust_from_direction, wind_speed, wind_from_direction","Installed in 2019, but was not hosting data until late in 2019 after the AI was submitted with the semi-annual report",AOOS.xlsx,
AOOS,urn:ioos:station:org.mxak:SITKA_AML, STXA2,Sitka AML,AIS TRANSCEIVER WITH WEATHER,57.116326,-135.390701,Fixed,2016-04-08 00:00:00,Y,AOOS,Yf,Marine Exchnge of Alaska,nonprofit,MXAK (Marine Exchange of Alaska),AOOS,"dew_point_temperaure, air_temperature, air_pressure, relative_humidity, wind_speed_of_gust, wind_gust_from_direction, wind_speed, wind_from_direction",need to cross check station ,AOOS.xlsx,
AOOS,urn:ioos:station:org.mxak:SITKA_HARBOR, SHXA2,Sitka Harbor,AIS STATION WITH WEATHER,57.055488,-135.349431,Fixed,2016-04-27 00:00:00,Y,AOOS,Yf,Marine Exchnge of Alaska,nonprofit,MXAK (Marine Exchange of Alaska),AOOS,"dew_point_temperaure, air_temperature, air_pressure, relative_humidity, wind_speed_of_gust, wind_gust_from_direction, wind_speed, wind_from_direction",need to cross check station ,AOOS.xlsx,
AOOS,urn:ioos:station:org.mxak:SKAGWAY_WX, SKXA2,Skagway Port,Weather (no AIS),59.448383,-135.326367,Fixed,2016-02-02 00:00:00,Y,AOOS,Yf,Marine Exchnge of Alaska,nonprofit,MXAK (Marine Exchange of Alaska),AOOS,"dew_point_temperaure, air_temperature, air_pressure, relative_humidity, wind_speed_of_gust, wind_gust_from_direction, wind_speed, wind_from_direction",need to cross check station ,AOOS.xlsx,
AOOS,urn:ioos:station:org.mxak:Tenakee_Springs,TKEA2,Tenakee Springs,AIS STATION WITH WEATHER,57.779208,-135.219228,Fixed,2015-05-05 00:00:00,Y,AOOS,Yf,Marine Exchnge of Alaska,nonprofit,MXAK (Marine Exchange of Alaska),"NDBC, AOOS","dew_point_temperaure, air_temperature, air_pressure, relative_humidity, wind_speed_of_gust, wind_gust_from_direction, wind_speed, wind_from_direction","Note: On NDBC Site, this is not referred to as a CMAN. Go to: https://www.ndbc.noaa.gov/to_station.shtml",AOOS.xlsx,
AOOS,org_mxak_tree_point,,Tree Point,Weather and AIS eATON/Transceiver ,54.8026,-130.9344,Fixed,2019-12-22 00:00:00,Y,MXAK,Yp,Marine Exchange of Alaska,nonprofit,MXAK (Marine Exchange of Alaska),,"dew_point_temperaure, air_temperature, air_pressure, relative_humidity, wind_speed_of_gust, wind_gust_from_direction, wind_speed, wind_from_direction",New in late 2019. Not reporting until after AOOS submitted 2019 AI,AOOS.xlsx,
AOOS,urn:ioos:station:org.mxak:BARROW,,Utqiagvik (Barrow),AIS TRANSCEIVER WITH WEATHER,71.314869,-156.72177,Fixed,2015-05-05 00:00:00,Y,AOOS,Yf,Marine Exchnge of Alaska,nonprofit,MXAK (Marine Exchange of Alaska),AOOS,"dew_point_temperaure, air_temperature, air_pressure, relative_humidity, wind_speed_of_gust, wind_gust_from_direction, wind_speed, wind_from_direction",,AOOS.xlsx,
AOOS,urn:ioos:station:org.mxak:VALDEZ,,Valdez Port,AIS TRANSCEIVER with Weather,61.12706,-146.343876,Fixed,2017-07-26 00:00:00,Y,AOOS,Yf,Marine Exchnge of Alaska,nonprofit,MXAK (Marine Exchange of Alaska),AOOS,,,AOOS.xlsx,
AOOS,urn:ioos:station:org.mxak:WAINWRIGHT,,Wainwright,AIS STATION WITH WEATHER,70.636261,-160.033703,Fixed,2018-08-01 00:00:00,Y,AOOS,Yf,Marine Exchange of Alaska,nonprofit,MXAK (Marine Exchange of Alaska),AOOS,"dew_point_temperaure, air_temperature, air_pressure, relative_humidity, wind_speed_of_gust, wind_gust_from_direction, wind_speed, wind_from_direction",,AOOS.xlsx,
AOOS,urn:ioos:station:org.mxak:WALES,,Wales,AIS TRANSCEIVER WITH WEATHER,65.605,-168.0864,Fixed,1/23/2009; 05/05/15,Y,MXAK,N,Marine Exchange of Alaska,nonprofit,MXAK (Marine Exchange of Alaska),AOOS,"dew_point_temperaure, air_temperature, air_pressure, relative_humidity, wind_speed_of_gust, wind_gust_from_direction, wind_speed, wind_from_direction",,AOOS.xlsx,
AOOS,urn:ioos:station:org.mxak:WHITTIER_AMHS,,"Whittier, AMHS ",AIS TRANSCEIVER WITH WEATHER,60.77673,-148.682278,Fixed,2017-05-09 00:00:00,Y,AOOS,Yf,Marine Exchnge of Alaska,nonprofit,MXAK (Marine Exchange of Alaska),AOOS,"dew_point_temperaure, air_temperature, air_pressure, relative_humidity, wind_speed_of_gust, wind_gust_from_direction, wind_speed, wind_from_direction",,AOOS.xlsx,
AOOS,urn:ioos:station:aoos:204,46108,"Lower Cook Inlet, AK CDIP Wave Buoy 204","Year-round real-time water level buoy near Homer, AK; Datawell Directional Buoy",59.5973,-151.8291,wave_buoy,2015-04-13 00:00:00,Y,"AOOS, CDIP (USACE) ",YP,AOOS,nonprofit,"AOOS, NERRS - Kachemak Bay, NOAA-Susitna Bay Lab",CDIP,"sea_surface_wave_to_direction, sea_surface_wave_mean_period,  sea_surface_wave_significant_height,  sea_surface_dominant_wave_period, sea_water_temperature",KB: I changed from Yp to Yf… CJ DEC 2019 :  Why? CDIP owns the buoy and provides the data support. ,AOOS.xlsx,
AOOS ,urn:ioos:station:edu.ucsd.cdip:236,46264,"NREL Kodiak, AK CDIP Wave Buoy 236","Year-round real-time water level offshoreport of Nome, AK; Datawell Directional wave and surface current buoy",57.47945,-151.6953,wave_buoy,2017-08-01 00:00:00,Y,"AOOS, CDIP (USACE), DOE National Renewable Energy Laboratory",Yp,AOOS,nonprofit,AOOS,CDIP,"sea_surface_wave_significant_height, sea_water_temperature, sea_surface_dominant_wave_period, sea_surface_wave_to_direction, peak_wave_period, sea_surface_wave_mean_period.","AOOS will support thru Spring 2021. This buoy was not wholly paid for by AOOS…we cover shipping, OnM, and insurance….NREL provided the buoy and CDIP is managing the data. Buoy reports RT yearround. The data output on AOOS  includes current in through October 19, 2019. THe buoy was changed out with only a waves Datawell III on Octobr 19. We can ingest current data for historical record from CDIP for this buoy dating back to Feb 2017.  (surface current discontinued in 2019)",AOOS.xlsx,
AOOS,urn:ioos:station:scripps-institution-of-oceano:241,46265,"Nome, AK CDIP Wave  Buoy 241","Seasonal real-time water level offshoreport of Nome, AK; Datawell Directional wave buoy",64.4723,-165.4743,wave_buoy,2018-07-16 00:00:00,O (seasonal),"AOOS, CDIP (USACE), Port of Nome",Yp,AOOS,nonprofit,AOOS and Port of Nome,CDIP,"sea_surface_wave_significant_height, sea_water_temperature, sea_surface_dominant_wave_period, sea_surface_wave_to_direction, sea_surface_wave_mean_period, ","This buoy was not wholly paid for by AOOS…we cover shipping, OnM, and insurance….CDIP provided the buoy and manages the data. Buoy reports RT and is seasonal during iceout period. In 2020, the buoy deployed no longer had current (we changed buoys for one without currents). Unfortunately, this buoy was deployed late Aug 26, 2020 and leaked and was recovered a few days after it deployed on Sep 9, 2020. 

direction_of_sea_water_velocity (0.75m), sea_water_speed (0.75m) (surface current info discontinued in 2020)",AOOS.xlsx,
AOOS,urn:ioos:station:com.alyeska:aly_base_hr,,Alyeska Resort Base,Alyeska Ski Resort weather,60.9694,-149.0966,Fixed,2015-05-05 00:00:00,y,Alyeska Ski Resort,N,Alyeska Ski Resort,other,Alyeska Ski Resort,AOOS from 05/15/2015,"air_temperature, relative_humidity, preciptation_increment ",Cross checked and corrected,AOOS.xlsx,
AOOS,urn:ioos:station:com.alyeska:maxsmtn,,Alyeska Resort Max's Mountain,Alyeska Ski Resort weather,60.9483,-149.0871,Fixed,2015-05-05 00:00:00,y,Alyeska Ski Resort,N,Alyeska Ski Resort,other,Alyeska Ski Resort,AOOS from 05/15/2018,"air_temperature, relative_humidity,  wind_speed, wind_from_direction, wind_speed_of_gust",Cross checked and corrected,AOOS.xlsx,
AOOS,urn:ioos:station:com.alyeska:aly_mid_hr,,"Alyeska Resort, Mid Mountain",Alyeska Ski Resort weather,60.9724,-149.0819,Fixed,2015-05-05 00:00:00,y,Alyeska Ski Resort,N,Alyeska Ski Resort,other,Alyeska Ski Resort,AOOS from 05/15/2016,"air_temperature, relative_humidity, preciptation_increment, surface_snow_thickness",Cross checked and corrected,AOOS.xlsx,
AOOS,urn:ioos:station:com.alyeska:summitsite,,Alyeska Resort Summit,Alyeska Ski Resort weather,60.9568,-149.0611,Fixed,2015-05-05 00:00:00,y,Alyeska Ski Resort,N,Alyeska Ski Resort,other,Alyeska Ski Resort,AOOS from 05/15/2019,"air_temperature, relative_humidity, solar_radiation, wind_speed, wind_from_direction, wind_speed_of_gust",Cross checked and corrected,AOOS.xlsx,
AOOS,urn:ioos:station:com.alyeska:ALY_TOP_HR,,"Alyeska Resort, Top of Glacier Bowl Express",Alyeska Ski Resort weather,60.9628,-149.0707,Fixed,2015-05-05 00:00:00,y,Alyeska Ski Resort,N,Alyeska Ski Resort,other,Alyeska Ski Resort,AOOS from 05/15/2017,"air_temperature, precipitation_increment, winds_speed, wind_from_direction, wind_speed_of_gust","cross checked and correctied.  cf says preciptation_amount, ""Amount"" means mass per unit area. ""Precipitation"" in the earth's atmosphere means precipitation of water in all phases.  Axiom is using the non-cf name 'precipitation_increment' to describe precipitation values reported as a rate of accumulation measured as length over time, e.g. 'mm/hr'. What we call 'precipitation (accumulation)' maps to the cf-name 'lwe_thickness_of_precipitation_amount' doesn't contain a time component, though we create something like that for each time-step or bin of values we show in the portal. ",AOOS.xlsx,
AOOS,urn:ioos:station:edu.oregonstate:burkolator,,Alutiiq Pride Shellfish Hatchery Burke-o-Lator,"ALUTIIQ PRIDE SHELLFISH  HATCHERY, SEWARD AK",60.0992,-149.4428,Fixed,1905-07-05 00:00:00,Y,"IOOS OTT, BIA, AOOS, NOAA-OAP",Yp,Alutiiq Pride Shellfish Hatchery,Industry,"Alutiiq Pride SH, Hakai Institute",IPACOA,"dissolved_carbon_dioxide_co2, pco2, omega_aragonite, sea_water_temperature, sea_water_practical_salinity, sea_water_ph_reported_on_total_scale, sea_water_alkalinity_expressed_as_mole_equivalent",Cross-checked and corrected to what we are reporting,AOOS.xlsx,
AOOS,urn:ioos:station:org.hakai:Sitka,,Sitka Burke-o-Lator,Sitka Tribe of Alaska Burke-O-Lator,57.0526,-135.3456,Fixed,2017-06-27 00:00:00,Y,BIA Climate Change Grant,Yp,Sitka Tribe of Alaska,Tribal,"Sitka Tribe of Alaska, Hakai Institute",IPACOA,"dissolved_carbon_dioxide_co2, pco2, omega_aragonite, sea_water_temperature, sea_water_practical_salinity, sea_water_ph_reported_on_total_scale, sea_water_alkalinity_expressed_as_mole_equivalent",AOOS supports BoL OnM through Hakai and provided support to Sitka in 2018-19 directly. Not sure why DO is not included in the suite for Burkolators. Need to look into this.,AOOS.xlsx,New
AOOS,org_hakai_quadra,,"Hyacinthe Bay, BC Buke-o-Lator","Hyancinthe Bay in British Columbia, operated by Hakai Inst.",50.116,-125.222,Fixed,2018-06-30 00:00:00,Y,"Hakai Institute, Tula Foundation",N,Hakai Institute,"nonprofit, Research",Hakai Institute,IPACOA,"dissolved_carbon_dioxide_co2, pco2, omega_aragonite, sea_water_temperature, sea_water_practical_salinity, sea_water_ph_reported_on_total_scale, sea_water_alkalinity_expressed_as_mole_equivalent",AOOS now hosts Hakai BC (Canada) real time OA data from this location,AOOS.xlsx,
AOOS,urn:ioos:station:gov.noaa.water:BETA2,BETA2,Kuskokwim River at Bethel,Bethel Brown Slough Bridge,60.793333,-161.745556,Fixed,2015-05-15 00:00:00,Y,"AOOS, AKDNR",Yp,AK DNR,gov_state,Alaska Department of Natural Resources,NOAA Alaska-Pacific River Forecast Center (APRFC),"height, water_surface_height_above_reference_datum","Data processed and accessed thru NOAA Water Resources Regions, National Weather Service; https://water.weather.gov/ahps2/hydrograph.php?gage=BETA2&wfo=pafc2",AOOS.xlsx,
AOOS,kotzebue-alaska-water-level,,Kotzebue: NOTE -  was to replace KZTA2. Both ran and stopped operating in 2020.,Kotzebue  (https://portal.aoos.org/#metadata/100053/station/data),66.895035,-162.56675,Fixed,2018-09-05 00:00:00,O,"AOOS, AKDNR",Yp,AK DNR,gov_state,Alaska Department of Natural Resources,NOAA Alaska-Pacific River Forecast Center (APRFC),"height, water_surface_height_above_reference_datum","Data processed and accessed thru NOAA Water Resources Regions, National Weather Service; However, Data Web site is DGGS for AK",AOOS.xlsx,Stopped reporting in February 2020; I am told this Kotzebue stations i essentially the same station as KZTA2. The yellow one is a redeployed version that reported in 2020…but has not been properly assigned the CMAN with River forecast office. Duplicate station pages resolved in 2020.
AOOS,urn:ioos:station:gov.noaa.water:KZTA2,KZTA2,Kotzebue Sound at Kotzebue,Stevens Way Bridge (https://portal.aoos.org/#metadata/56411/station/data),66.92682,-162.63506,Fixed,2015-09-22 00:00:00,O,"AOOS, AKDNR",Yp,AK DNR,gov_state,Alaska Department of Natural Resources,NOAA Alaska-Pacific River Forecast Center (APRFC),"height, water_surface_height_above_reference_datum","Data processed and accessed thru NOAA Water Resources Regions, National Weather Service",AOOS.xlsx,Stopped reportng July 2020.
AOOS,urn:ioos:station:gov.noaa.water:TNUA2,TNUA2,Tununak,Airstrip Road Bridge,60.57065,-165.23786,Fixed,,Y,"AOOS, AKDNR",Yp,AK DNR,gov_state,Alaska Department of Natural Resources,NOAA Alaska-Pacific River Forecast Center (APRFC),"height, water_surface_height_above_reference_datum","Data processed and accessed thru NOAA Water Resources Regions, National Weather Service",AOOS.xlsx,
AOOS,urn:ioos:station:gov.usda.nrcs.wcc.snotel:1071,,"Esther Island, SNOTEL STATION",SNOTEL station ,60.805,-148.085,Fixed,2004-10-01 00:00:00,Y,"AOOS, Oil Spill Recovery Institute (OSRI)",Yp,PWSSC,nonprofit,PWSSC-Prince William Sound Science Center,National Water and Climate Center (NRCS),"battery_voltage, air_temperature, solar_radiation, air_pressure, wind_speed, wind_speed_of_gust, wind_from_direction, lwe_thickness_of_precipitation_amount, surface_snow_thickness",Cross-checked and corrected to what we are reporting,AOOS.xlsx,
AOOS,urn:ioos:station:gov.usda.nrcs.wcc.snotel:1073,,"Mt Eyak, SNOTEL STATION",SNOTEL station ,60.555,-145.745,Fixed,2004-10-01 00:00:00,Y,"AOOS, Oil Spill Recovery Institute (OSRI)",Yp,PWSSC,nonprofit,PWSSC-Prince William Sound Science Center,National Water and Climate Center (NRCS),"battery_voltage, air_temperature, solar_radiation, air_pressure, wind_speed, wind_speed_of_gust, wind_from_direction, lwe_thickness_of_precipitation_amount, surface_snow_thickness, snow_water_equivalent",Cross-checked and corrected to what we are reporting,AOOS.xlsx,
AOOS,urn:ioos:station:gov.usda.nrcs.wcc.snotel:1074,,"Nuchek, SNOTEL STATION (on McNeil River)",SNOTEL station ,60.335,-146.665,Fixed,2004-10-01 00:00:00,Y,"AOOS, Oil Spill Recovery Institute (OSRI)",Yp,PWSSC,nonprofit,PWSSC-Prince William Sound Science Center,National Water and Climate Center (NRCS),"battery_voltage, air_temperature, solar_radiation, air_pressure, wind_speed, wind_speed_of_gust, wind_from_direction, lwe_thickness_of_precipitation_amount",Cross-checked and corrected to what we are reporting,AOOS.xlsx,
AOOS,urn:ioos:station:gov.usda.nrcs.wcc.snotel:1075,,"Port San Juan, SNOTEL STATION",SNOTEL station ,60.055,-148.065,Fixed,2004-10-01 00:00:00,Y,"AOOS, Oil Spill Recovery Institute (OSRI)",Yp,PWSSC,nonprofit,PWSSC-Prince William Sound Science Center,National Water and Climate Center (NRCS),"battery_voltage, air_temperature, solar_radiation, air_pressure, wind_speed, wind_speed_of_gust, wind_from_direction, lwe_thickness_of_precipitation_amount",Cross-checked and corrected to what we are reporting,AOOS.xlsx,
AOOS,urn:ioos:station:gov.usda.nrcs.wcc.snotel:1076,,"Tatitlek, SNOTEL STATION",SNOTEL station ,60.875,-146.675,Fixed,2004-10-01 00:00:00,Y,"AOOS, Oil Spill Recovery Institute (OSRI)",Yp,PWSSC,nonprofit,PWSSC-Prince William Sound Science Center,National Water and Climate Center (NRCS),"battery_voltage, air_temperature, solar_radiation, air_pressure, wind_speed, wind_speed_of_gust, wind_from_direction, lwe_thickness_of_precipitation_amount",Cross-checked and corrected to what we are reporting,AOOS.xlsx,
AOOS,urn:ioos:station:gov.usda.nrcs.wcc.snotel:1087,,"Seal Island, SNOTEL STATION",SNOTEL station ,60.435,-147.395,Fixed,2005-10-01 00:00:00,Y,"AOOS, Oil Spill Recovery Institute (OSRI)",Yp,PWSSC,nonprofit,PWSSC-Prince William Sound Science Center,National Water and Climate Center (NRCS),"battery_voltage, air_temperature,  air_pressure, wind_speed, wind_speed_of_gust, wind_from_direction, lwe_thickness_of_precipitation_amount, relative_humidity",Cross-checked and corrected to what we are reporting,AOOS.xlsx,
AOOS,urn:ioos:station:gov.usda.nrcs.wcc.snotel:1088,,"Strawberry Reef, SNOTEL STATION",SNOTEL station ,60.235,-144.865,Fixed,2005-10-01 00:00:00,Y,"AOOS, Oil Spill Recovery Institute (OSRI)",Yp,PWSSC,nonprofit,PWSSC-Prince William Sound Science Center,National Water and Climate Center (NRCS),"battery_voltage, air_temperature, solar_radiation, air_pressure, wind_speed, wind_speed_of_gust, wind_from_direction, lwe_thickness_of_precipitation_amount",Cross-checked and corrected to what we are reporting,AOOS.xlsx,
AOOS,urn:ioos:station:gov.usda.nrcs.wcc.snotel:1095,,"Sugarloaf Mtn, SNOTEL STATION",SNOTEL station ,61.085,-146.295,Fixed,2006-10-01 00:00:00,Y,"AOOS, Oil Spill Recovery Institute (OSRI)",Yp,PWSSC,nonprofit,PWSSC-Prince William Sound Science Center,National Water and Climate Center (NRCS),"battery_voltage, air_temperature, solar_radiation, air_pressure, wind_speed, wind_speed_of_gust, wind_from_direction, lwe_thickness_of_precipitation_amount, surface_snow_thickness",Cross-checked and corrected to what we are reporting,AOOS.xlsx,
AOOS,urn:ioos:station:org.inletkeeper:anchor-river,,"Cook Inletkeeper, Anchor River","Anchor River at the Old Sterling Highway Bridge in Anchor Point, Cook Inlet",59.7724134,-151.83665552,Fixed,2013-09-07 00:00:00,Y,"Cook Inletkeeper, Kenai Peninsula Fish Habitat Partnership, Western Native Trout Initiative;  Installation support: Kenai Chapter of Trout Unlimited, BeadedStream LLC",N,Cook Inletkeeper,nonprofit,Cook Inletkeeper,Cook Inletkeeper,"air_temperature, sea_water_temperature, panel_temperature, battery_voltage","Since 2002, Cook Inletkeeper has been collecting continuous water temperature data below the confluence of the North and South Forks.",AOOS.xlsx,
AOOS,urn:ioos:station:org.inletkeeper:deshka-river,,"Cook Inletkeeper, Deshka River (Kroto Creek)","Deshka River (alias: Kroto Creek), Cook Inlet",61.76751,-150.33992,Fixed,2013-09-09 00:00:00,Y,"Cook Inletkeeper: Installation support from BeadedStream LLC, AK Fish and Game",N,Cook Inletkeeper,nonprofit,Cook Inletkeeper,Cook Inletkeeper,"air_temperature, sea_water_temperature, panel_temperature, battery_voltage","Since 2008, Cook Inletkeeper has been collecting water temperature data on the lower Deshka River below the ADF&G weir.",AOOS.xlsx,
AOOS,urn:ioos:station:org.inletkeeper:russian-river,,"Cook Inletkeeper, Russian River","Russian River, 3 miles upstream on the Russian River Falls Trail below the lower lake.",60.45304,-149.98679,Fixed,2016-10-14 00:00:00,Y,"Cook Inletkeeper, Kenai Peninsula Fish Habitat Partnership",N,Cook Inletkeeper,nonprofit,Cook Inletkeeper,Cook Inletkeeper,"air_temperature, sea_water_temperature, panel_temperature, battery_voltage","Since 2002, Cook Inletkeeper has been collecting continuous water temperature data in non-glacial streams across the Cook Inlet watershed, but not on Russian River.",AOOS.xlsx,
AOOS,urn:ioos:station:com.micro-specialties-2:sn275,,Foggy Island Bay,Weather,70.2041,-147.7014,Fixed shorebased,2018-07-26 00:00:00,N,BOEM,N,"Univeristy of Alaska, Fairbanks",Academic,"University of Alaska, Fairbanks",Axiom Data Science/AOOS (through contract with BOEM),"dew_point_temperaure, air_temperature, air_pressure, relative_humidity, wind_speed_of_gust, wind_gust_from_direction, wind_speed, wind_from_direction",This is a project weather installation for a BOEM modeling study AOOS is part of. This station stopped operating in Jan 2020. No plan to reinstall at this point in time.,AOOS.xlsx,
AOOS,foggy-island-stld2-2019-spot-,,SPOT-0156: Foggy Island STLD2 2019,Project wave mooring with weather (open water season only) for 2019 and 2020,70.319,-147.7612,Moored wave buoy,2019-08-06 00:00:00,U,BOEM,N,"Univeristy of Alaska, Fairbanks",Academic,"University of Alaska, Fairbanks",Axiom Data Science/AOOS (through contract with BOEM),"sea_surface_wave_significant_height, sea_surface_wave_from_direction, wind_speed, wind_from_direction, sea_surface_wave_directional_spread_at_variance_spectral_density_maximum, peak_wave_period, sea_surface_wave_mean_period, sea_surface_wave_directional_spread","Real-time while deployed reported on the AOOS Portal during 2019; short-term deployments during open water season. Project so no plan for permanent installation. Deployed in July 2020 for short deployment, ending August 12, 2020",AOOS.xlsx,
AOOS,foggy-island-dinkum-2019-spot,,SPOT-0107: Foggy Island Dinkum 2019,Project wave mooring with weather (open water season only) for 2019 and 2020,70.3935,-147.835,Moored wave buoy,2019-08-07 00:00:00,U,BOEM,N,"Univeristy of Alaska, Fairbanks",Academic,"University of Alaska, Fairbanks",Axiom Data Science/AOOS (through contract with BOEM),"sea_surface_wave_significant_height, sea_surface_wave_from_direction, wind_speed, wind_from_direction, sea_surface_wave_directional_spread_at_variance_spectral_density_maximum, peak_wave_period, sea_surface_wave_mean_period, sea_surface_wave_directional_spread","Real-time while deployed reported on the AOOS Portal during 2019; short-term deployments during open water season. Project so no plan for permanent installation. Deployed in July 2020 for short deployment, ending August 11, 2020",AOOS.xlsx,
AOOS,cape_st_elias,,Cape St. Elias,Weather station on Copper Delta area,59.7983,-144.5999,Fixed,2014-12-03 00:00:00,Y,Prince William Sound Regional Citizen's Advisory Council (PWSRCAC),N,PWSRCAC,nonprofit,"PWSRCAC, MicroSspecialties (private industry)","Not sure, but web site  links to Microspecialties (http://denali.micro-specialties.com/CapeStElias/). ","air_pressure, air_temperature, relataive_humdity, solar_irradiance, wind_speed_of_gust, wind_speed, wind_from_direction, battery_voltage",,AOOS.xlsx,
AOOS,valdez_marine_terminal_weathe,,Valdez Marine Terminal Weather Buoy,Weather/waves/current buoy in the Port of Valdez area,61.091,-146.3766,Moored Buoy,2019-09-21 00:00:00,Y,Prince William Sound Regional Citizen's Advisory Council (PWSRCAC),N,PWSRCAC,nonprofit,"PWSRCAC, PWSSC",PWSSC,"air_pressure, sea_water_velocity_to_direction, sea_water_speed, eastward_sea_water_velocity, northward_sea_water_velocity, upward_sea_water_velocity, relative_humidity, solar_irradiance, sea_water_pressure, air_temperature, sea_water_temperature, sea_surface_wave_directional_spread, sea_surface_wave_period_at_variance_spectral_density_maximum, sea_surface_wave_from_direction, sea_surface_wave_maximum_height, sea_surface_wave_significant_height, wind_speed_of_gust, wind_speed, wind_from_direction, ","Installed in 2019, but was not hosting data until 2020 after the AI was submitted with the semi-annual report",AOOS.xlsx,
AOOS,valdez_duck_flats_weather_buo,,Valdez Duck Flats Weather Buoy,Weather/waves/current buoy in the Port of Valdez area,61.1225,-146.2967,Moored Buoy,2019-09-21 00:00:00,Y,Prince William Sound Regional Citizen's Advisory Council (PWSRCAC),N,PWSRCAC,Non-Profit,"PWSRCAC, PWSSC",PWSSC,"air_pressure, sea_water_velocity_to_direction, sea_water_speed, eastward_sea_water_velocity, northward_sea_water_velocity, upward_sea_water_velocity, relative_humidity, solar_irradiance, sea_water_pressure, air_temperature, sea_water_temperature, sea_surface_wave_directional_spread, sea_surface_wave_period_at_variance_spectral_density_maximum, sea_surface_wave_from_direction, sea_surface_wave_maximum_height, sea_surface_wave_significant_height, wind_speed_of_gust, wind_speed, wind_from_direction, ","Installed in 2019, but was not hosting data until 2020 after the AI was submitted with the semi-annual report",AOOS.xlsx,
AOOS,nelson-lagoon-alaska-water-le,,Nelson Lagoon,"Nelson Lagoon, Alaska, Water Level (Tier C water level data)",56.0041,-161.1751,Fixed,2019-05-01 00:00:00,Y,Native Village of Nelson,N,AK DNR,gov_state,Alaska Department of Natural Resources,"Stillwater Technologies, Axiom Data Science",sea_surface_height_above_sea_level,,AOOS.xlsx,
AOOS,naknek-ak,,Naknek ,Naknek water level station (NWLON-lite Tier B),58.7321,-156.9833,Fixed,2019-07-15 00:00:00,Y,AOOS,Yf,JOA Surveys,Private,JOA Surveys,AOOS and JOA,sea_surface_height_above_sea_level,"This station was a temporary CO-OPS installation for Datums…AOOS paid to have the stations made permanent and to harden station for winter. Data did NOT appear on the AOOS Data Portal until 2020, as we completed contract with JOA late in fall 2019 due to late award. No money, no data. Started on AOOS portal in 2020. To see all Tier B water level data stations on the AWLW Port, https://water-level-watch.portal.aoos.org/#search?type_group=sensor_stations&tag|tag=tier-b&page=1",AOOS.xlsx,
AOOS,homer-ramp-8,,Homer Ramp 8,Homer Ramp 8 Water Level (Tier C),59.6055,-151.4221,Fixed,2020-07-23 00:00:00,Y,AOOS,Yp,AK DNR,gov_state,Alaska Department of Natural Resources,"Stillwater Technologies, Axiom Data Science",sea_surface_height_above_sea_level,"To see all the Tier C water level data stations in the AWLW Portal, https://water-level-watch.portal.aoos.org/#search?type_group=sensor_stations&tag|tag=tier-c&page=1",AOOS.xlsx,
GCOOS,ioos:station:DISL:BSCA,,"BSCA: Station Bon Secour, LA",url: http://www.mymobilebay.com/stationdata/StationInfo.asp?jday=&property=&chartyear=&StationID=106,30.3288,-87.8293,offshore_tower,< 5 yr,Y,Unknown,Yp,Dauphin Island Sea Laboratory,academic,Dauphin Island Sea Laboratory,Lei Hu(lhu@disl.org),"sea_surface_height_above_sea_level ,sea_water_temperature ,wind_speed, wind_to_direction,wind_speed_of_gust ,sea_water_practical_salinity ,air_pressure ,air_temperature ,mass_concentration_of_oxygen_in_sea_water ,relative_humidity, turbidity",,GCOOS.xlsx,
GCOOS,ioos:station:DISL:CATA,,"CATA: Cedar Point, AL",url: http://www.mymobilebay.com/stationdata/StationInfo.asp?jday=&property=&chartyear=&StationID=830,30.3085,-88.1395,fixed,< 5 yr,Y,Unknown,Yp,Dauphin Island Sea Laboratory,academic,Dauphin Island Sea Laboratory,Lei Hu(lhu@disl.org),"sea_surface_height_above_sea_level ,sea_water_temperature ,wind_speed, wind_to_direction,wind_speed_of_gust ,sea_water_practical_salinity ,air_pressure ,air_temperature ,mass_concentration_of_oxygen_in_sea_water ,relative_humidity ",,GCOOS.xlsx,
GCOOS,ioos:station:DISL:DISL,,"DISL: Dauphin Island, AL",url: http://www.mymobilebay.com/stationdata/StationInfo.asp?jday=&property=&chartyear=&StationID=628,30.2513,-88.0778,fixed,< 5 yr,Y,Unknown,Yp,Dauphin Island Sea Laboratory,academic,Dauphin Island Sea Laboratory,Lei Hu(lhu@disl.org),"sea_surface_height_above_sea_level,sea_water_temperature,wind_speed, wind_to_direction,wind_speed_of_gust,sea_water_practical_salinity,air_pressure,air_temperature ,mass_concentration_of_oxygen_in_sea_water, turbidity",,GCOOS.xlsx,
GCOOS,ioos:station:DISL:KATA,,"KATA: Katrina Cut, AL",url: http://www.mymobilebay.com/stationdata/StationInfo.asp?jday=&property=&chartyear=&StationID=607,30.2583,-88.2131,fixed,< 5 yr,Y,Unknown,Yp,Dauphin Island Sea Laboratory,academic,Dauphin Island Sea Laboratory,Lei Hu(lhu@disl.org),"sea_surface_height_above_sea_level ,sea_water_temperature ,wind_speed, wind_to_direction,wind_speed_of_gust ,sea_water_practical_salinity ,air_pressure ,air_temperature ,mass_concentration_of_oxygen_in_sea_water ,relative_humidity ",,GCOOS.xlsx,
GCOOS,ioos:station:DISL:MBLA,,"MBLA: Middle Bay Light, AL",url: http://www.mymobilebay.com/stationdata/StationInfomiddlebay.asp?jday=&property=&chartyear=&StationID=188,30.4367,-88.0117,offshore_tower,< 5 yr,Y,Unknown,Yp,Dauphin Island Sea Laboratory,academic,Dauphin Island Sea Laboratory,Lei Hu(lhu@disl.org),"sea_surface_height_above_sea_level ,sea_water_temperature,wind_speed, wind_to_direction,wind_speed_of_gust,sea_water_practical_salinity,air_pressure,air_temperature,mass_concentration_of_oxygen_in_sea_water,relative_humidity ",,GCOOS.xlsx,
GCOOS,ioos:station:DISL:MHPA,,"MHPA: Meaher Park, AL",url: http://www.mymobilebay.com/stationdata/StationInfo.asp?jday=&property=&chartyear=&StationID=703,30.6671,-87.9365,fixed,< 5 yr,Y,Unknown,Yp,Dauphin Island Sea Laboratory,academic,Dauphin Island Sea Laboratory,Lei Hu(lhu@disl.org),"sea_surface_height_above_sea_level,sea_water_temperature,wind_speed, wind_to_direction,wind_speed_of_gust,sea_water_practical_salinity,air_pressure,air_temperature,mass_concentration_of_oxygen_in_sea_water",,GCOOS.xlsx,
GCOOS,ioos:station:DISL:PPTA,,"PPTA: Perdido Pass, AL",url: http://www.mymobilebay.com/stationdata/StationInfo.asp?jday=&property=&chartyear=&StationID=122,30.2791,-87.5561,fixed,< 5 yr,Y,Unknown,Yp,Dauphin Island Sea Laboratory,academic,Dauphin Island Sea Laboratory,Lei Hu(lhu@disl.org),"sea_surface_height_above_sea_level ,sea_water_temperature ,wind_speed, wind_to_direction,wind_speed_of_gust ,sea_water_practical_salinity ,air_pressure ,air_temperature ,mass_concentration_of_oxygen_in_sea_water ,relative_humidity ",,GCOOS.xlsx,
GCOOS,ioos:station:DISL:WECP,42031.0,"42031 - West End CP, AL",http://www.mymobilebay.com/stationdata/StationInfowestendcp.asp?jday=&property=&chartyear=&StationID=116,30.0902,-88.2116,,< 5 yr,Y,Unknown,Yp,Dauphin Island Sea Laboratory,academic,Dauphin Island Sea Laboratory,GCOOS (info@gcoos.org),"mass_concentration_of_oxygen_in_sea_water, sea_water_temperature, sea_water_practical_salinity",,GCOOS.xlsx,
GCOOS,ioos:station:LUMCON:101,,"101: LUMCON Marine Center, LA",url: http://weatherstations.lumcon.edu,29.25333,-90.66333,fixed,< 5 yr,Y,Unknown,N,Louisiana Universities Marine Consortium,nonprofit,Louisiana Universities Marine Consortium,Alexander Ren(aren@lumcon.edu),"air_pressure, air_temperature, dissolved_oxygen, relative_humidity, salinity, sea_water_temperature, winds, chlorophyll",,GCOOS.xlsx,
GCOOS,ioos:station:LUMCON:102,,"102: Terrebonne Bay, LA",url: http://weatherstations.lumcon.edu,29.187,-90.6093,offshore_tower,< 5 yr,O,Unknown,N,Louisiana Universities Marine Consortium,nonprofit,Louisiana Universities Marine Consortium,Alexander Ren(aren@lumcon.edu),"sea_water_temperature ,wind_speed, wind_to_direction,wind_speed_of_gust ,sea_water_practical_salinity ,air_temperature ,relative_humidity ,  chlorophyll",,GCOOS.xlsx,
GCOOS,ioos:station:LUMCON:103,,"103: Western Lake Ponchartrain, LA",url: http://weatherstations.lumcon.edu,30.18894,-90.16831,offshore_tower,> 5 yr,O,Unknown,N,Louisiana Universities Marine Consortium,nonprofit,Louisiana Universities Marine Consortium,Alexander Ren(aren@lumcon.edu),"sea_surface_height_above_sea_level ,sea_water_temperature ,wind_speed, wind_to_direction,wind_speed_of_gust ,sea_water_practical_salinity,air_pressure,air_temperature,relative_humidity",,GCOOS.xlsx,
GCOOS,ioos:station:LUMCON:104,,104: MissRiver-Audobon,url: http://weatherstations.lumcon.edu,29.5526,-90.807,fixed,> 5 yr,O,Unknown,N,Louisiana Universities Marine Consortium,nonprofit,Louisiana Universities Marine Consortium,Alexander Ren(aren@lumcon.edu),sea_water_practical_salinity,,GCOOS.xlsx,
GCOOS,ioos:station:LUMCON:105,,"105: Tambour Bay, LA",url: http://weatherstations.lumcon.edu,29.18737,-90.66542,offshore_tower,> 5 yr,O,Unknown,N,Louisiana Universities Marine Consortium,nonprofit,Louisiana Universities Marine Consortium,Alexander Ren(aren@lumcon.edu),"sea_surface_height_above_sea_level ,wind_speed, wind_to_direction,wind_speed_of_gust ,air_temperature,relative_humidity",,GCOOS.xlsx,
GCOOS,ioos:station:NOAA.NDBC:WDEL1,,WDEL1 - Shell West Delta 143,url: http://www.ndbc.noaa.gov/station_page.php?station=WDEL1,28.662,-89.551,fixed,< 5 yr,O/U,Unknown,N,Shell International E&P,industry,Shell International E&P,GCOOS (info@gcoos.org),"air_pressure,air_temperature,dew_temeperature,winds",,GCOOS.xlsx,
GCOOS,ioos:station:TCOON:003,,"003: Rincon del San Jose (87778121): Rincon del San Jose; Potrero Lopeno SW, TX ",url: http://lighthouse.tamucc.edu/overview/003,26.8015,-97.4706,tide_station,< 5 yr,Y,Unknown,Yp,Texas Coastal Ocean Observation Network,academic,Texas Coastal Ocean Observation Network,Jonathan Scott Duff(Scott.Duff@tamucc.edu),"sea_surface_height_above_sea_level ,sea_water_temperature ,wind_speed, wind_to_direction,wind_speed_of_gust ,air_pressure ,air_temperature ",,GCOOS.xlsx,
GCOOS,ioos:station:TCOON:005,,"005: Packery Channel (87757921): Packery Channel, TX",url: http://lighthouse.tamucc.edu/overview/005,27.6346,-97.237,tide_station,< 5 yr,Y,Unknown,Yp,Texas Coastal Ocean Observation Network,academic,Texas Coastal Ocean Observation Network,Jonathan Scott Duff(Scott.Duff@tamucc.edu),"sea_surface_height_above_sea_level,sea_water_temperature ,wind_speed, wind_to_direction,wind_speed_of_gust ,air_pressure ,air_temperature ",,GCOOS.xlsx,
GCOOS,ioos:station:TCOON:006,,"006: Ingleside (87752831): Port Ingleside, TX ",url: http://lighthouse.tamucc.edu/overview/006,27.8217,-97.204,tide_station,< 5 yr,U,Unknown,Yp,Texas Coastal Ocean Observation Network,academic,Texas Coastal Ocean Observation Network,Jonathan Scott Duff(Scott.Duff@tamucc.edu),"sea_surface_height_above_sea_level,sea_water_temperature ,wind_speed, wind_to_direction,wind_speed_of_gust ,air_pressure ,air_temperature ",,GCOOS.xlsx,
GCOOS,ioos:station:TCOON:009,,"009: Port Aransas (87752371): Port Aransas, TX",url: http://lighthouse.tamucc.edu/overview/009,27.8398,-97.0727,tide_station,< 5 yr,Y,Unknown,Yp,Texas Coastal Ocean Observation Network,academic,Texas Coastal Ocean Observation Network,Jonathan Scott Duff(Scott.Duff@tamucc.edu),"sea_surface_height_above_sea_level,sea_water_temperature ,wind_speed, wind_to_direction,wind_speed_of_gust ,air_pressure ,air_temperature ",,GCOOS.xlsx,
GCOOS,ioos:station:TCOON:013,,"013: S. Bird Island (87761391): South Bird Island, TX",url: http://lighthouse.tamucc.edu/overview/013,27.4847,-97.3181,tide_station,< 5 yr,Y,Unknown,Yp,Texas Coastal Ocean Observation Network,academic,Texas Coastal Ocean Observation Network,Jonathan Scott Duff(Scott.Duff@tamucc.edu),"sea_surface_height_above_sea_level ,sea_water_temperature ,wind_speed, wind_to_direction,wind_speed_of_gust ,air_pressure ,air_temperature ",,GCOOS.xlsx,
GCOOS,ioos:station:TCOON:031,,"031: Seadrift (87730371): Seadrift, TX",url: http://lighthouse.tamucc.edu/overview/031,28.4073,-96.7122,tide_station,< 5 yr,Y,Unknown,Yp,Texas Coastal Ocean Observation Network,academic,Texas Coastal Ocean Observation Network,Jonathan Scott Duff(Scott.Duff@tamucc.edu),"sea_surface_height_above_sea_level,sea_water_temperature ,wind_speed, wind_to_direction,wind_speed_of_gust ,air_pressure ,air_temperature ",,GCOOS.xlsx,
GCOOS,ioos:station:TCOON:042,,042: Nueces Delta 2: Nueces Delta 2,url: http://lighthouse.tamucc.edu/overview/042,27.8888,-97.5696,fixed,< 5 yr,Y,Unknown,Yp,Texas Coastal Ocean Observation Network,academic,Texas Coastal Ocean Observation Network,Jonathan Scott Duff(Scott.Duff@tamucc.edu),"sea_water_temperature ,sea_water_practical_salinity ",,GCOOS.xlsx,
GCOOS,ioos:station:TCOON:043,,043: Nueces Delta 3: Nueces Delta 3,url: http://lighthouse.tamucc.edu/overview/043,27.883783,-97.5332,fixed,< 5 yr,Y,Unknown,Yp,Texas Coastal Ocean Observation Network,academic,Texas Coastal Ocean Observation Network,Jonathan Scott Duff(Scott.Duff@tamucc.edu),"sea_water_temperature ,sea_water_practical_salinity ",,GCOOS.xlsx,
GCOOS,ioos:station:TCOON:057,,"057: Port O'Connor (87737011): Matagorda Bay; Port O'Connor, TX",url: http://lighthouse.tamucc.edu/overview/057,28.446,-96.3961,tide_station,< 5 yr,Y,Unknown,Yp,Texas Coastal Ocean Observation Network,academic,Texas Coastal Ocean Observation Network,Jonathan Scott Duff(Scott.Duff@tamucc.edu),"sea_surface_height_above_sea_level,sea_water_temperature ,wind_speed, wind_to_direction,wind_speed_of_gust ,air_pressure ,air_temperature ",,GCOOS.xlsx,
GCOOS,ioos:station:TCOON:068,,"068: Baffin Bay (87766041): Baffin Bay; Point of Rocks, TX",url: http://lighthouse.tamucc.edu/overview/068,27.297,-97.4049,tide_station,< 5 yr,Y,Unknown,Yp,Texas Coastal Ocean Observation Network,academic,Texas Coastal Ocean Observation Network,Jonathan Scott Duff(Scott.Duff@tamucc.edu),"sea_surface_height_above_sea_level ,sea_water_temperature ,wind_speed, wind_to_direction,wind_speed_of_gust ,air_pressure ,air_temperature ",,GCOOS.xlsx,
GCOOS,ioos:station:TCOON:072,,"072: SALT01 (Nueces Bay, Texas): SALT01 (Nueces Bay, Texas)",url: http://lighthouse.tamucc.edu/overview/072,27.839194,-97.443972,fixed,< 5 yr,Y,Unknown,Yp,Texas Coastal Ocean Observation Network,academic,Texas Coastal Ocean Observation Network,Jonathan Scott Duff(Scott.Duff@tamucc.edu),"sea_water_temperature ,sea_water_practical_salinity ,mass_concentration_of_oxygen_in_sea_water ",,GCOOS.xlsx,
GCOOS,ioos:station:TCOON:074,,"074: SALT03 (Nueces Bay, Texas): SALT03 (Nueces Bay, Texas)",url: http://lighthouse.tamucc.edu/overview/074,27.85155,-97.48203,fixed,< 5 yr,Y,Unknown,Yp,Texas Coastal Ocean Observation Network,academic,Texas Coastal Ocean Observation Network,Jonathan Scott Duff(Scott.Duff@tamucc.edu),"sea_water_temperature ,sea_water_practical_salinity ,mass_concentration_of_oxygen_in_sea_water ",,GCOOS.xlsx,
GCOOS,ioos:station:TCOON:076,,"076: SALT05 (Nueces River, Texas): SALT05 (Nueces River, Texas)",url: http://lighthouse.tamucc.edu/overview/076,27.89183,-97.61045,fixed,< 5 yr,Y,Unknown,Yp,Texas Coastal Ocean Observation Network,academic,Texas Coastal Ocean Observation Network,Jonathan Scott Duff(Scott.Duff@tamucc.edu),"sea_water_temperature ,sea_water_practical_salinity ",,GCOOS.xlsx,
GCOOS,ioos:station:TCOON:079,,079: SALT08: SALT08,url: http://lighthouse.tamucc.edu/overview/076,27.87078,-97.5177,fixed,< 5 yr,Y,Unknown,Yp,Texas Coastal Ocean Observation Network,academic,Texas Coastal Ocean Observation Network,Jonathan Scott Duff(Scott.Duff@tamucc.edu),"sea_water_temperature ,sea_water_practical_salinity ",,GCOOS.xlsx,
GCOOS,ioos:station:TCOON:127,,127: Bahia Grande Water Quality Station 1: Bahia Grande Water Quality Station 1,url: http://lighthouse.tamucc.edu/overview/127,28.25976,-96.77369,fixed,< 5 yr,Y,Unknown,Yp,Texas Coastal Ocean Observation Network,academic,Texas Coastal Ocean Observation Network,Jonathan Scott Duff(Scott.Duff@tamucc.edu),"sea_water_temperature ,sea_water_speed, upward_sea_water_velocity, direction_of_sea_water_velocity ,sea_water_practical_salinity ,mass_concentration_of_oxygen_in_sea_water ",,GCOOS.xlsx,
GCOOS,ioos:station:TCOON:146,,146: MANERR Station 2 (Copano East): MANERR Station 2 (Copano East),url: http://lighthouse.tamucc.edu/overview/146,28.13235,-97.03445,fixed,< 5 yr,Y,Unknown,Yp,Texas Coastal Ocean Observation Network,gov_federal,Texas Coastal Ocean Observation Network,Jonathan Scott Duff(Scott.Duff@tamucc.edu),"sea_water_temperature ,wind_speed, wind_to_direction,wind_speed_of_gust ,sea_water_practical_salinity ,air_pressure ,air_temperature ,mass_concentration_of_oxygen_in_sea_water ,relative_humidity ",,GCOOS.xlsx,
GCOOS,ioos:station:TCOON:147,,147: MANERR Station 3 (Copano West): MANERR Station 3 (Copano West),url: http://lighthouse.tamucc.edu/overview/147,28.08405,-97.20094,fixed,< 5 yr,U,Unknown,Yp,Texas Coastal Ocean Observation Network,gov_federal,Texas Coastal Ocean Observation Network,Jonathan Scott Duff(Scott.Duff@tamucc.edu),"sea_water_temperature ,sea_water_practical_salinity ,mass_concentration_of_oxygen_in_sea_water ",,GCOOS.xlsx,
GCOOS,ioos:station:TCOON:148,,148: MANERR Station 4 (Aransas Bay): MANERR Station 4 (Aransas Bay),url: http://lighthouse.tamucc.edu/overview/148,27.97985,-97.02879,fixed,< 5 yr,Y,Unknown,Yp,Texas Coastal Ocean Observation Network,gov_federal,Texas Coastal Ocean Observation Network,Jonathan Scott Duff(Scott.Duff@tamucc.edu),"sea_water_temperature ,sea_water_practical_salinity ,mass_concentration_of_oxygen_in_sea_water ",,GCOOS.xlsx,
GCOOS,ioos:station:TCOON:149,,149: MANERR Station 5 (Port Aransas): MANERR Station 5 (Port Aransas),url: http://lighthouse.tamucc.edu/overview/149,27.83826,-97.05029,fixed,< 5 yr,U,Unknown,Yp,Texas Coastal Ocean Observation Network,gov_federal,Texas Coastal Ocean Observation Network,Jonathan Scott Duff(Scott.Duff@tamucc.edu),"sea_water_temperature ,sea_water_practical_salinity ,mass_concentration_of_oxygen_in_sea_water ",,GCOOS.xlsx,
GCOOS,ioos:station:TCOON:170,,170: National Park Service - Baffin Bay: National Park Service - Baffin Bay,url: http://lighthouse.tamucc.edu/overview/170,27.29702,-97.40491,fixed,< 5 yr,Y,Unknown,Yp,Texas Coastal Ocean Observation Network,gov_federal,Texas Coastal Ocean Observation Network,Jonathan Scott Duff(Scott.Duff@tamucc.edu),"sea_water_temperature ,sea_water_practical_salinity ,mass_concentration_of_oxygen_in_sea_water ",,GCOOS.xlsx,
GCOOS,ioos:station:TCOON:171,,171: National Park Service - Bird Island: National Park Service - Bird Island,url: http://lighthouse.tamucc.edu/overview/171,27.4847,-97.3181,fixed,< 5 yr,Y,Unknown,Yp,Texas Coastal Ocean Observation Network,gov_federal,Texas Coastal Ocean Observation Network,Jonathan Scott Duff(Scott.Duff@tamucc.edu),"sea_water_temperature ,sea_water_practical_salinity ,mass_concentration_of_oxygen_in_sea_water ",,GCOOS.xlsx,
GCOOS,ioos:station:TCOON:518,,"518: Rollover Pass (87709711): Rollover Pass, TX",url: http://lighthouse.tamucc.edu/overview/518,29.515,-94.5133,tide_station,< 5 yr,Y,Unknown,Yp,Texas Coastal Ocean Observation Network,academic,Texas Coastal Ocean Observation Network,Jonathan Scott Duff(Scott.Duff@tamucc.edu),"sea_surface_height_above_sea_level,sea_water_temperature ,wind_speed, wind_to_direction,wind_speed_of_gust ,air_pressure ,air_temperature ",,GCOOS.xlsx,
GCOOS,ioos:station:TCOON:524,,"524: Port Arthur (87704751): Port Arthur, TX",url: http://lighthouse.tamucc.edu/overview/524,29.8672,-93.931,tide_station,< 5 yr,Y,Unknown,Yp,Texas Coastal Ocean Observation Network,academic,Texas Coastal Ocean Observation Network,Jonathan Scott Duff(Scott.Duff@tamucc.edu),"sea_surface_height_above_sea_level,sea_water_temperature ,wind_speed, wind_to_direction,wind_speed_of_gust ,air_pressure ,air_temperature ",,GCOOS.xlsx,
GCOOS,ioos:station:USF.COMPS:ANC,,"ANC: Anclote Gulf Park, FL",url: http://comps.marine.usf.edu/index?view=station&id=ANC,28.193,-82.789,fixed,< 5 yr,U,Unknown,N,Coastal Ocean Monitoring and Prediction System,academic,Coastal Ocean Monitoring and Prediction System,Mark E. Luther(mluther@usf.edu),"sea_surface_height_above_sea_level,sea_water_temperature ,wind_speed, wind_to_direction,wind_speed_of_gust,sea_water_practical_salinity,air_pressure,air_temperature",,GCOOS.xlsx,
GCOOS,ioos:station:USF.COMPS:ANM,,"ANM: Anna Maria, FL",url: http://comps.marine.usf.edu/index?view=station&id=ANM,27.54,-82.74,fixed,< 5 yr,U,Unknown,N,Coastal Ocean Monitoring and Prediction System,academic,Coastal Ocean Monitoring and Prediction System,Mark E. Luther(mluther@usf.edu),"sea_surface_height_above_sea_level,wind_speed, wind_to_direction,wind_speed_of_gust,air_pressure,air_temperature",,GCOOS.xlsx,
GCOOS,ioos:station:USF.COMPS:ARP,,"APK: Aripeka, FL",url: http://comps.marine.usf.edu/index?view=station&id=APK,28.433,-82.667,fixed,< 5 yr,Y,Unknown,N,Coastal Ocean Monitoring and Prediction System,academic,Coastal Ocean Monitoring and Prediction System,Mark E. Luther(mluther@usf.edu),"sea_surface_height_above_sea_level,wind_speed, wind_to_direction,wind_speed_of_gust,air_pressure,air_temperature,relative_humidity",,GCOOS.xlsx,
GCOOS,ioos:station:USF.COMPS:BGC,,"BCP: Big Carlos Pass, FL",url: http://comps.marine.usf.edu/index?view=station&id=BCP,26.404,-81.881,fixed,< 5 yr,U,Unknown,N,Coastal Ocean Monitoring and Prediction System,academic,Coastal Ocean Monitoring and Prediction System,Mark E. Luther(mluther@usf.edu),"sea_surface_height_above_sea_level,wind_speed, wind_to_direction,wind_speed_of_gust,air_pressure,air_temperature,relative_humidity",,GCOOS.xlsx,
GCOOS,ioos:station:USF.COMPS:C10,42013.0,C10: Navy-2,url: http://comps.marine.usf.edu/index?view=station&id=C10,27.169,-82.926,moored_buoy,< 5 yr,O/U,Unknown,N,Coastal Ocean Monitoring and Prediction System,academic,Coastal Ocean Monitoring and Prediction System,Mark E. Luther(mluther@usf.edu),"sea_water_temperature,wind_speed, wind_to_direction,wind_speed_of_gust,sea_water_speed, upward_sea_water_velocity, direction_of_sea_water_velocity,sea_water_practical_salinity,air_pressure,air_temperature,relative_humidity",,GCOOS.xlsx,
GCOOS,ioos:station:USF.COMPS:C12,42022.0,C12: West Florida Central Buoy,url: http://comps.marine.usf.edu/index?view=station&id=C12,27.498,-83.722,moored_buoy,< 5 yr,Y,Unknown,N,Coastal Ocean Monitoring and Prediction System,academic,Coastal Ocean Monitoring and Prediction System,Mark E. Luther(mluther@usf.edu),"wind_speed, wind_to_direction,wind_speed_of_gust,sea_water_speed, upward_sea_water_velocity, direction_of_sea_water_velocity,sea_water_practical_salinity,air_pressure,air_temperature,relative_humidity",,GCOOS.xlsx,
GCOOS,ioos:station:USF.COMPS:C13,42023.0,C13: West Florida South Buoy,url: http://comps.marine.usf.edu/index?view=station&id=C13,26.063,-83.073,moored_buoy,< 5 yr,Y,Unknown,N,Coastal Ocean Monitoring and Prediction System,academic,Coastal Ocean Monitoring and Prediction System,Mark E. Luther(mluther@usf.edu),"air_pressure,air_temperature,relative_humidity, wind_speed, wind_to_direction,wind_speed_of_gust, sea_water_temperature, sea_water_practical_salinity",,GCOOS.xlsx,
GCOOS,ioos:station:USF.COMPS:CAM,,"CPK: Campbell Park, FL",url: http://comps.marine.usf.edu/index?view=station&id=CPK,27.765,-82.649,fixed,< 5 yr,U,Unknown,N,Coastal Ocean Monitoring and Prediction System,academic,Coastal Ocean Monitoring and Prediction System,Mark E. Luther(mluther@usf.edu),"wind_speed, wind_to_direction,wind_speed_of_gust,sea_water_practical_salinity,air_pressure,air_temperature,relative_humidity",,GCOOS.xlsx,
GCOOS,ioos:station:USF.COMPS:EGK,,"EGK: Egmont Key, FL",url: http://comps.marine.usf.edu/index?view=station&id=EGK,27.601,-82.751,fixed,< 5 yr,U,Unknown,N,Coastal Ocean Monitoring and Prediction System,academic,Coastal Ocean Monitoring and Prediction System,Mark E. Luther(mluther@usf.edu),"sea_surface_height_above_sea_level,sea_water_temperature ,wind_speed, wind_to_direction,wind_speed_of_gust,sea_water_practical_salinity,air_pressure,air_temperature,relative_humidity",,GCOOS.xlsx,
GCOOS,ioos:station:USF.COMPS:FHP,,"FHP: Fred Howard Park, FL",url: http://comps.marine.usf.edu/index?view=station&id=EGK,28.153,-82.801,fixed,< 5 yr,Y,Unknown,N,Coastal Ocean Monitoring and Prediction System,academic,Coastal Ocean Monitoring and Prediction System,Mark E. Luther(mluther@usf.edu),"sea_surface_height_above_sea_level,sea_water_temperature ,wind_speed, wind_to_direction,wind_speed_of_gust,sea_water_practical_salinity,air_pressure,air_temperature,relative_humidity",,GCOOS.xlsx,
GCOOS,ioos:station:USF.COMPS:NFB,,"NFB: Northwest Florida Bay, FL",url: http://comps.marine.usf.edu/index?view=station&id=EGK,25.084,-81.096,fixed,< 5 yr,U,Unknown,N,Coastal Ocean Monitoring and Prediction System,academic,Coastal Ocean Monitoring and Prediction System,Mark E. Luther(mluther@usf.edu),"sea_water_temperature ,wind_speed, wind_to_direction,wind_speed_of_gust,sea_water_practical_salinity,air_pressure,air_temperature,relative_humidity",,GCOOS.xlsx,
GCOOS,ioos:station:USF.COMPS:SHP,,"SHP: Shell Point, FL",url: http://comps.marine.usf.edu/index?view=station&id=EGK,30.06,-84.291,fixed,< 5 yr,Y,Unknown,N,Coastal Ocean Monitoring and Prediction System,academic,Coastal Ocean Monitoring and Prediction System,Mark E. Luther(mluther@usf.edu),"sea_surface_height_above_sea_level,wind_speed, wind_to_direction,wind_speed_of_gust,air_pressure,air_temperature,relative_humidity",,GCOOS.xlsx,
GCOOS,ioos:station:USF.COMPS:TAR,,"TAS: Tarpon Springs, FL",url: http://comps.marine.usf.edu/index?view=station&id=EGK,28.156,-82.758,fixed,< 5 yr,U,Unknown,N,Coastal Ocean Monitoring and Prediction System,academic,Coastal Ocean Monitoring and Prediction System,Mark E. Luther(mluther@usf.edu),"sea_surface_height_above_sea_level,wind_speed, wind_to_direction,wind_speed_of_gust,air_pressure,air_temperature,relative_humidity",,GCOOS.xlsx,
GCOOS,ioos:station:WAVCIS:CSI03,,"CSI03: Marsh Island, LA",url: http://www.wavcis.lsu.edu,29.4412,-92.0613,offshore_tower,< 5 yr,Y,Unknown,Yp,Wave-Current-Surge Information System for Coastal Louisiana,academic,Wave-Current-Surge Information System for Coastal Louisiana,Yixin (Peter) Luo(yluo2@lsu.edu),"sea_surface_height_above_sea_level,sea_water_temperature (10.0),waves,wind_speed, wind_to_direction,wind_speed_of_gust,air_pressure,air_temperature,relative_humidity",,GCOOS.xlsx,
GCOOS,ioos:station:WAVCIS:CSI05,,"CSI05: Isle Dernieres, LA",url: http://www.wavcis.lsu.edu,29.0533,-90.5333,offshore_tower,> 5 yr,U,Unknown,Yp,Wave-Current-Surge Information System for Coastal Louisiana,academic,Wave-Current-Surge Information System for Coastal Louisiana,Yixin (Peter) Luo(yluo2@lsu.edu),"sea_surface_height_above_sea_level,sea_water_temperature (10.0),waves,wind_speed, wind_to_direction,wind_speed_of_gust,air_pressure,air_temperature,relative_humidity",,GCOOS.xlsx,
GCOOS,ioos:station:WAVCIS:CSI06,,"CSI06: South Timbalier Block 52, LA",url: http://www.wavcis.lsu.edu,28.8667,-90.4833,offshore_tower,< 5 yr,Y,Unknown,Yp,Wave-Current-Surge Information System for Coastal Louisiana,academic,Wave-Current-Surge Information System for Coastal Louisiana,Yixin (Peter) Luo(yluo2@lsu.edu),"sea_surface_height_above_sea_level,sea_water_temperature (100.0),waves,wind_speed, wind_to_direction,wind_speed_of_gust,air_pressure,air_temperature,relative_humidity",,GCOOS.xlsx,
GCOOS,ioos:station:WAVCIS:CSI09,,CSI09: Grand Isle Blocks,url: http://wavcis.csi.lsu.edu/,29.1015,-89.9782,offshore_tower,< 5 yr,U,Unknown,Yp,Wave-Current-Surge Information System for Coastal Louisiana,academic,Wave-Current-Surge Information System for Coastal Louisiana,Yixin (Peter) Luo(yluo2@lsu.edu),"sea_surface_height_above_sea_level,sea_water_temperature ,waves,wind_speed, wind_to_direction,wind_speed_of_gust ,air_pressure ,air_temperature ,relative_humidity",,GCOOS.xlsx,
GCOOS,ioos:station:WAVCIS:CSI10A,,"CSI10A: Fieldwood Energy, LLC site SS91",url: https://www.wavcis.lsu.edu/,28.9192,-90.7744,,< 5 yr,Y,Unknown,,Wave-Current-Surge Information System for Coastal Louisiana,academic,Wave-Current-Surge Information System for Coastal Louisiana,Yixin (Peter) Luo(yluo2@lsu.edu),"sea_water_speed, direction_of_sea_water_velocity ",,GCOOS.xlsx,
GCOOS,ioos:station:WAVCIS:CSI15,,CSI15: Ship Shoal blocks 114A,url: http://wavcis.csi.lsu.edu/,28.8332,-90.832,offshore_tower,> 5 yr,U,Unknown,Yp,Wave-Current-Surge Information System for Coastal Louisiana,academic,Wave-Current-Surge Information System for Coastal Louisiana,Yixin (Peter) Luo(yluo2@lsu.edu),"sea_surface_height_above_sea_level,sea_water_temperature (10.0),waves,wind_speed, wind_to_direction,wind_speed_of_gust,air_pressure,air_temperature,relative_humidity",,GCOOS.xlsx,
GCOOS,ioos:station:WAVCIS:CSI16,,CSI16: Chevron MP41M platform,url: http://wavcis.csi.lsu.edu/,29.4012,-89.0355,offshore_tower,> 5 yr,U,Unknown,Yp,Wave-Current-Surge Information System for Coastal Louisiana,academic,Wave-Current-Surge Information System for Coastal Louisiana,Yixin (Peter) Luo(yluo2@lsu.edu),"sea_surface_height_above_sea_level,sea_water_temperature (100.0),waves,wind_speed, wind_to_direction,wind_speed_of_gust,air_pressure,air_temperature,relative_humidity, sea_water_practical_salinity",,GCOOS.xlsx,
GCOOS,ioos:station:wmo:42043,42043.0,TABS B: GA-252,url: http://tabs.gerg.tamu.edu/Tglo/met.php?buoy=B,28.9818,-94.9186,moored_buoy,< 5 yr,Y,Unknown,N,Texas Automated Buoy System,academic,Texas Automated Buoy System,Lee Woody(woody@gerg.tamu.edu),"sea_water_temperature ,wind_speed, wind_to_direction,wind_speed_of_gust,sea_water_speed, upward_sea_water_velocity, direction_of_sea_water_velocity ,air_pressure,air_temperature,relative_humidity, sea_water_practical_salinity",,GCOOS.xlsx,
GCOOS,ioos:station:wmo:42044,42044.0,TABS J: PS-1126 ,url: http://tabs.gerg.tamu.edu/Tglo/ven.php?buoy=J,26.1914,-97.0507,moored_buoy,< 5 yr,Y,Unknown,N,Texas Automated Buoy System,academic,Texas Automated Buoy System,Lee Woody(woody@gerg.tamu.edu),"sea_water_temperature ,wind_speed, wind_to_direction,wind_speed_of_gust ,sea_water_speed, upward_sea_water_velocity, direction_of_sea_water_velocity ,air_pressure ,air_temperature ,relative_humidity ",,GCOOS.xlsx,
GCOOS,ioos:station:wmo:42045,42045.0,TABS K: PI-745 ,url: http://tabs.gerg.tamu.edu/Tglo/ven.php?buoy=K,26.2168,-96.4998,moored_buoy,< 5 yr,Y,Unknown,N,Texas Automated Buoy System,academic,Texas Automated Buoy System,Lee Woody(woody@gerg.tamu.edu),"sea_water_temperature ,wind_speed, wind_to_direction,wind_speed_of_gust,sea_water_speed, upward_sea_water_velocity, direction_of_sea_water_velocity ,air_pressure,air_temperature,relative_humidity, sea_water_practical_salinity, waves",,GCOOS.xlsx,
GCOOS,ioos:station:wmo:42046,42046.0,TABS N: HI-A595,url: http://tabs.gerg.tamu.edu/Tglo/ven.php?buoy=N,27.8903,-94.0367,moored_buoy,< 5 yr,O,Unknown,N,Texas Automated Buoy System,academic,Texas Automated Buoy System,Lee Woody(woody@gerg.tamu.edu),"sea_water_temperature ,wind_speed, wind_to_direction,wind_speed_of_gust,sea_water_speed, upward_sea_water_velocity, direction_of_sea_water_velocity ,air_pressure,air_temperature,relative_humidity, sea_water_practical_salinity, waves",,GCOOS.xlsx,
GCOOS,ioos:station:wmo:42047,42047.0,TABS V: HI-A389,url: http://tabs.gerg.tamu.edu/Tglo/ven.php?buoy=V,27.8966,-93.5973,moored_buoy,< 5 yr,Y,Unknown,N,Texas Automated Buoy System,academic,Texas Automated Buoy System,Lee Woody(woody@gerg.tamu.edu),"sea_water_temperature ,wind_speed, wind_to_direction,wind_speed_of_gust,sea_water_speed, upward_sea_water_velocity, direction_of_sea_water_velocity ,air_pressure,air_temperature,relative_humidity, sea_water_practical_salinity, waves",,GCOOS.xlsx,
GCOOS,ioos:station:wmo:42048,42048.0,TABS D: TABS D,url: http://tabs.gerg.tamu.edu/Tglo/ven.php?buoy=D,27.9396,-96.8429,moored_buoy,< 5 yr,Y,Unknown,N,Texas Automated Buoy System,academic,Texas Automated Buoy System,Lee Woody(woody@gerg.tamu.edu),"sea_water_temperature ,sea_water_speed, upward_sea_water_velocity, direction_of_sea_water_velocity, sea_water_practical_salinity",,GCOOS.xlsx,
GCOOS,ioos:station:wmo:42049,42049.0,TABS W: TABS W,url: http://tabs.gerg.tamu.edu/Tglo/ven.php?buoy=W,28.3507,-96.0058,moored_buoy,< 5 yr,Y,Unknown,N,Texas Automated Buoy System,academic,Texas Automated Buoy System,Lee Woody(woody@gerg.tamu.edu),"sea_water_temperature ,sea_water_speed, upward_sea_water_velocity, direction_of_sea_water_velocity , sea_water_practical_salinity",,GCOOS.xlsx,
GCOOS,ioos:station:wmo:42050,42050.0,TABS F: TABS F,url: http://tabs.gerg.tamu.edu/Tglo/ven.php?buoy=F,28.8425,-94.2433,moored_buoy,< 5 yr,Y,Unknown,N,Texas Automated Buoy System,academic,Texas Automated Buoy System,Lee Woody(woody@gerg.tamu.edu),"sea_water_temperature ,sea_water_speed, upward_sea_water_velocity, direction_of_sea_water_velocity , sea_water_practical_salinity",,GCOOS.xlsx,
GCOOS,ioos:station:wmo:42051,42051.0,TABS R: TABS R,url: http://tabs.gerg.tamu.edu/Tglo/ven.php?buoy=R,29.635,-93.6417,moored_buoy,< 5 yr,Y,Unknown,N,Texas Automated Buoy System,academic,Texas Automated Buoy System,Lee Woody(woody@gerg.tamu.edu),"sea_water_temperature ,sea_water_speed, upward_sea_water_velocity, direction_of_sea_water_velocity , sea_water_practical_salinity",,GCOOS.xlsx,
GCOOS,ioos:station:wmo:42067,42067.0,USM3M02: 42067 - USM3M02,url: http://www.cengoos.org/current_conditions.shtml,30.043,-88.649,moored_buoy,< 5 yr,U,Unknown,N,Central Gulf Ocean Observing System,academic,Central Gulf Ocean Observing System,Jamie Davis(j.davis@usm.edu),"sea_water_temperature,waves ,wind_speed, wind_to_direction,wind_speed_of_gust,wind_speed, wind_to_direction,wind_speed_of_gust,sea_water_speed, upward_sea_water_velocity, direction_of_sea_water_velocity (4.31),sea_water_speed, upward_sea_water_velocity, direction_of_sea_water_velocity,sea_water_practical_salinity,air_pressure,air_temperature,relative_humidity",,GCOOS.xlsx,
GCOOS,ioos:station:wmo:42361,42361.0,42361 - Auger - Garden Banks 426,url: http://www.ndbc.noaa.gov/station_page.php?station=42361,27.55,-92.49,fixed,,N,Unknown,N,Shell International E&P,industry,Shell International E&P,GCOOS (info@gcoos.org),"air_pressure,air_temperature,currents,dew_temeperature,winds",,GCOOS.xlsx,
GCOOS,ioos:station:wmo:42363,42363.0,42363 - Mars - Mississippi Canyon 807,url: http://www.ndbc.noaa.gov/station_page.php?station=42363,28.16,-89.22,fixed,Unknown,Y,Unknown,N,Shell International E&P,industry,Shell International E&P,GCOOS (info@gcoos.org),"sea_water_temperature,currents",,GCOOS.xlsx,
GCOOS,ioos:station:wmo:42364,42364.0,42364 - Ram-Powell - Viosca Knoll 936,url: http://www.ndbc.noaa.gov/station_page.php?station=42364,29.06,-88.09,fixed,Unknown,N,Unknown,N,Shell International E&P,industry,Shell International E&P,GCOOS (info@gcoos.org),"air_pressure,air_temperature,currents,dew_temeperature,winds",,GCOOS.xlsx,
GCOOS,ioos:station:wmo:42369,42369.0,42369 - Mad Dog Spar - Green Canyon 782,https://www.ndbc.noaa.gov/station_page.php?station=42369,27.207,-90.283,fixed,Unknown,Y,Unknown,N,BP Inc,industry,BP Inc,GCOOS (info@gcoos.org),"currents, sea_water_temperature, winds, waves, air_temperature",,GCOOS.xlsx,
GCOOS,ioos:station:wmo:42370,42370.0,42370 - Holstein - Green Canyon 645,url: http://ndbc.noaa.gov/station_page.php?station=42370,27.322,-90.536,fixed,Unknown,Y,Unknown,N,BP Inc,industry,BP Inc,GCOOS (info@gcoos.org),"air_temperature,air_pressure,dew_temeperature,sea_water_temperature,currents,winds",,GCOOS.xlsx,
GCOOS,ioos:station:wmo:42372,42372.0,42372 - Genesis SPAR - Green Canyon 205A,https://www.ndbc.noaa.gov/station_page.php?station=42372,27.78,-90.518,fixed,Unknown,Y,Unknown,N,Chevron,industry,Chevron,GCOOS (info@gcoos.org),"sea_water_temperature,currents",,GCOOS.xlsx,
GCOOS,ioos:station:wmo:42373,42373.0,42373 - Boomvang - East Breaks 643,https://www.ndbc.noaa.gov/station_page.php?station=42373,27.354,-94.625,fixed,Unknown,Y,Unknown,N,Kerr-McGee Oil and Gas Corporation,industry,Kerr-McGee Oil and Gas Corporation,GCOOS (info@gcoos.org),"sea_water_temperature,currents",,GCOOS.xlsx,
GCOOS,ioos:station:wmo:42374,42374.0,Horn Mountain - Mississippi Canyon 126 and 127,http://www.ndbc.noaa.gov/station_page.php?station=42374,28.866,-88.056,fixed,Unknown,Y,Unknown,N,BP Inc,industry,BP Inc,GCOOS (info@gcoos.org),"sea_water_temperature,currents,waves,winds",,GCOOS.xlsx,
GCOOS,ioos:station:wmo:42377,42377.0,42377 - Constitution - Green Canyon 680,url: http://ndbc.noaa.gov/station_page.php?station=42377,27.293,-90.968,fixed,Unknown,Y,Unknown,N,Kerr-McGee Oil and Gas Corporation,industry,Kerr-McGee Oil and Gas Corporation,GCOOS (info@gcoos.org),"sea_water_temperature,currents",,GCOOS.xlsx,
GCOOS,ioos:station:wmo:42379,42379.0,Marco Polo - Green Canyon 608,http://www.ndbc.noaa.gov/station_page.php?station=42379,27.362,-90.181,fixed,Unknown,Y,Unknown,N,Anadarko Petroleum Corporation,industry,Anadarko Petroleum Corporation,GCOOS (info@gcoos.org),currents,,GCOOS.xlsx,
GCOOS,ioos:station:wmo:42382,42382.0,42382 - Gunnison - Garden Banks 668,url: http://ndbc.noaa.gov/station_page.php?station=42382,27.304,-93.538,fixed,Unknown,Y,Unknown,N,Kerr-McGee Oil and Gas Corporation,industry,Kerr-McGee Oil and Gas Corporation,GCOOS (info@gcoos.org),"sea_water_temperature,currents",,GCOOS.xlsx,
GCOOS,ioos:station:wmo:42383,42383.0,42383 - Neptune - Green Canyon 613,url: http://ndbc.noaa.gov/station_page.php?station=42383,27.37,-89.924,fixed,Unknown,Y,Unknown,N,BHP Billiton,industry,BHP Billiton,GCOOS (info@gcoos.org),"sea_water_temperature,currents",,GCOOS.xlsx,
GCOOS,ioos:station:wmo:42386,42386.0,42386 - Tahiti - Green Canyon 641,url: http://ndbc.noaa.gov/station_page.php?station=42386,27.326,-90.714,fixed,Unknown,Y,Unknown,N,Chevron,industry,Chevron,GCOOS (info@gcoos.org),"sea_water_temperature,currents",,GCOOS.xlsx,
GCOOS,ioos:station:wmo:42388,42388.0,42388 - Helix Producer 1 - Green Canyon 237,http://www.ndbc.noaa.gov/station_page.php?station=42388,27.73,-91.109,offshore_platform,Unknown,Y,Unknown,N,Helix,industry,Helix,GCOOS (info@gcoos.org),"sea_water_temperature,currents",,GCOOS.xlsx,
GCOOS,ioos:station:wmo:42390,42390.0,Perdido Host - Alaminos Canyon 857,http://www.ndbc.noaa.gov/station_page.php?station=42390,26.129,-94.898,fixed,Unknown,Y,Unknown,N,Shell International E&P,industry,Shell International E&P,GCOOS (info@gcoos.org),"air_pressure, air_temperature,currents,dew_temperature,sea_water_temperature,winds",,GCOOS.xlsx,
GCOOS,ioos:station:wmo:42394,42394.0,42394 - Olympus TLP - Mississippi Canyon 807,https://www.ndbc.noaa.gov/station_page.php?station=42394,28.157,-89.24,offshore_platform,Unknown,Y,Unknown,N,Shell International E&P,industry,Shell International E&P,GCOOS (info@gcoos.org),"sea_water_temperature,currentsair_temperature,dew_temperature,winds",,GCOOS.xlsx,
GCOOS,ioos:station:wmo:42395,42395.0,42395 - Shell Alcyone Buoy - Walker Ridge 552,http://ndbc.noaa.gov/station_page.php?station=42395,26.404,-90.792,fixed,Unknown,Y,Unknown,N,Shell International E&P,industry,Shell International E&P,GCOOS (info@gcoos.org),"air_pressure, air_temperature, dew_temperature, winds, currents",,GCOOS.xlsx,
GCOOS,ioos:station:wmo:42396,42396.0,42396 - Jack and St Malo FPU - Walker Ridge Block 758,https://www.ndbc.noaa.gov/station_page.php?station=42396,26.235,-91.261,fixed,Unknown,N,Unknown,N,Chevron,industry,Chevron,GCOOS (info@gcoos.org),"sea_water_temperature,currents",,GCOOS.xlsx,
GCOOS,ioos:station:wmo:42398,42398.0,42398 - Lucius SPAR - Keathley Canyon 875,https://www.ndbc.noaa.gov/station_page.php?station=42398,26.132,-92.04,fixed,Unknown,Y,Unknown,N,Anadarko Petroleum Corporation,industry,Anadarko Petroleum Corporation,GCOOS (info@gcoos.org),currents,,GCOOS.xlsx,
GCOOS,ioos:station:wmo:42851,42851.0,42851 - Noble Globetrotter I - Walker Ridge 376,https://www.ndbc.noaa.gov/station_page.php?station=42851,26.572,-90.784,offshore_platform,Unknown,Y,Unknown,N,Shell International E&P,industry,Shell International E&P,GCOOS (info@gcoos.org),"sea_water_temperature,currents",,GCOOS.xlsx,
GCOOS,ioos:station:wmo:42852,42852.0,42852 - Who Dat FPS - Mississippi Canyon 547,http://www.ndbc.noaa.gov/station_page.php?station=42852,28.501,-89.769,offshore_platform,Unknown,N,Unknown,N,LLOG,industry,LLOG,GCOOS (info@gcoos.org),"sea_water_temperature,currents",,GCOOS.xlsx,
GCOOS,ioos:station:wmo:42853,42853.0,42853 - West Capricorn - Mississippi Canyon 562,https://www.ndbc.noaa.gov/station_page.php?station=42853,28.444,-88.277,offshore_platform,Unknown,N,Unknown,N,BP Inc,industry,BP Inc,GCOOS (info@gcoos.org),"sea_water_temperature,currents",,GCOOS.xlsx,
GCOOS,ioos:station:wmo:42857,42857.0,42857 - Noble Don Taylor - GC 281,https://www.ndbc.noaa.gov/station_page.php?station=42857,27.691,-91.114,offshore_platform,Unknown,N,Unknown,N,Talos Energy LLC,industry,Talos Energy LLC,GCOOS (info@gcoos.org),"sea_water_temperature,currents",,GCOOS.xlsx,
GCOOS,ioos:station:wmo:42864,42864.0,42864 - Thalassa - Walker Ridge 464,http://www.ndbc.noaa.gov/station_page.php?station=42864,26.455,-90.777,offshore_platform,Unknown,Y,Unknown,N,Shell International E&P,industry,Shell International E&P,GCOOS (info@gcoos.org),"sea_water_temperature,currents",,GCOOS.xlsx,
GCOOS,ioos:station:wmo:42865,42865.0,Station 42865 - BlackHornet - VK915,http://www.ndbc.noaa.gov/station_page.php?station=42865,28.935,-88.112,offshore_platform,Unknown,Y,Unknown,N,Anadarko Petroleum Corporation,industry,Anadarko Petroleum Corporation,GCOOS (info@gcoos.org),"sea_water_temperature,currents",,GCOOS.xlsx,
GCOOS,ioos:station:wmo:42873,42873.0,42873 - Pontus - GB341,https://www.ndbc.noaa.gov/station_page.php?station=42873,27.647,-92.313,offshore_platform,Unknown,Y,Unknown,N,Shell International E&P,industry,Shell International E&P,GCOOS (info@gcoos.org),"sea_water_temperature,currents",,GCOOS.xlsx,
GCOOS,ioos:station:wmo:42874,42874.0,42874 - Deepwater Asgard - Atwater Valley 23,https://www.ndbc.noaa.gov/station_page.php?station=42874,27.958,-88.822,offshore_platform,Unknown,Y,Unknown,N,Murphy Exploration & Production Company,industry,Murphy Exploration & Production Company,GCOOS (info@gcoos.org),"sea_water_temperature,currents",,GCOOS.xlsx,
GCOOS,ioos:station:wmo:42876,42876.0,Station 42876 - Deepwater Conqueror - Walker Ridge 758,http://www.ndbc.noaa.gov/station_page.php?station=42876,26.297,-91.094,offshore_platform,Unknown,Y,Unknown,N,Chevron,industry,Chevron,GCOOS (info@gcoos.org),"sea_water_temperature,currents",,GCOOS.xlsx,
GCOOS,ioos:station:wmo:42878,42878.0,42878 - Noble Paul Romano - Mississippi Canyon 725,https://www.ndbc.noaa.gov/station_page.php?station=42878,28.246,-88.928,offshore_platform,Unknown,N,Unknown,N,Amerada Hess Corporation,industry,Amerada Hess Corporation,GCOOS (info@gcoos.org),"sea_water_temperature,currents",,GCOOS.xlsx,
GCOOS,ioos:station:wmo:42879,42879.0,42879 - Ocean BlackRhino - GC512,https://www.ndbc.noaa.gov/station_page.php?station=42879,27.476,-90.559,offshore_platform,Unknown,Y,Unknown,N,Amerada Hess Corporation,industry,Amerada Hess Corporation,GCOOS (info@gcoos.org),currents,,GCOOS.xlsx,
GCOOS,ioos:station:wmo:42880,42880.0,42880 - West Auriga - Green Canyon 824,https://www.ndbc.noaa.gov/station_page.php?station=42880,27.132,-90.338,offshore_platform,Unknown,Y,Unknown,N,BP Inc,industry,BP Inc,GCOOS (info@gcoos.org),"sea_water_temperature,currents",,GCOOS.xlsx,
GCOOS,ioos:station:wmo:42884,42884.0,42884 - Ocean Blackhawk - KC 919,https://www.ndbc.noaa.gov/station_page.php?station=42884,26.078,-92.06,offshore_platform,Unknown,Y,Unknown,N,Anadarko Petroleum Corporation,industry,Anadarko Petroleum Corporation,GCOOS (info@gcoos.org),"sea_water_temperature,currents",,GCOOS.xlsx,
GCOOS,ioos:station:wmo:42887,42887.0,42887 - Thunder Horse - Mississippi Canyon 778,url: http://ndbc.noaa.gov/station_page.php?station=42887,28.191,-88.496,offshore_platform,Unknown,Y,Unknown,N,BP Inc,industry,BP Inc,GCOOS (info@gcoos.org),"air_temperature,dew_temeperature,sea_water_temperature,currents,winds,waves",,GCOOS.xlsx,
GCOOS,ioos:station:wmo:42891,42891.0,42891 - West Vela - Mississippi Canyon 775,https://www.ndbc.noaa.gov/station_page.php?station=42891,28.193,-88.61,offshore_platform,Unknown,Y,Unknown,N,BP Inc,industry,BP Inc,GCOOS (info@gcoos.org),"sea_water_temperature,currents",,GCOOS.xlsx,
GCOOS,ioos:station:wmo:42896,42896.0,42896 - Sevan Louisiana - Green Canyon 243,https://www.ndbc.noaa.gov/station_page.php?station=42896,27.707,-90.786,offshore_platform,Unknown,Y,Unknown,N,Walter Oil and Gas Corporation,industry,Walter Oil and Gas Corporation,GCOOS (info@gcoos.org),"sea_water_temperature,currents",,GCOOS.xlsx,
GCOOS,ioos:station:wmo:42901,42901.0,Station 42901 - Q5000 - Green Canyon 137,http://www.ndbc.noaa.gov/station_page.php?station=42901,28.195,-88.605,offshore_platform,Unknown,Y,Unknown,N,BP Inc,industry,BP Inc,GCOOS (info@gcoos.org),"sea_water_temperature,currents",,GCOOS.xlsx,
GCOOS,ioos:station:wmo:42902,42902.0,42902 - Clyde Boudreaux - Alaminos Canyon 857,http://ndbc.noaa.gov/station_page.php?station=42902,27.56,-90.749,offshore_platform,Unknown,Y,Unknown,N,Shell International E&P,industry,Shell International E&P,GCOOS (info@gcoos.org),"air_temperature,dew_temeperature,currents,winds",,GCOOS.xlsx,
GCOOS,ioos:station:wmo:42904,42904.0,42904 - Independence Hub - Mississippi Canyon 920,url: http://ndbc.noaa.gov/station_page.php?station=42904,28.085,-87.986,offshore_platform,Unknown,N,Unknown,N,Anadarko Petroleum Corporation,industry,Anadarko Petroleum Corporation,GCOOS (info@gcoos.org),currents,,GCOOS.xlsx,
GCOOS,ioos:station:wmo:42905,42905.0,42905 - Belford Dolphin - Green Canyon 561,http://ndbc.noaa.gov/station_page.php?station=42905,27.396,-90.305,offshore_platform,Unknown,N,Unknown,N,Petrobras - USA,industry,Petrobras - USA,GCOOS (info@gcoos.org),"sea_water_temperature,currents",,GCOOS.xlsx,
GCOOS,ioos:station:wmo:42906,42906.0,42906 - Deepwater Poseidon - Mississippi Canyon 612,http://www.ndbc.noaa.gov/station_page.php?station=42906,28.387,-88.002,offshore_platform,Unknown,Y,Unknown,N,Shell International E&P,industry,Shell International E&P,GCOOS (info@gcoos.org),"sea_water_temperature,currents",,GCOOS.xlsx,
GCOOS,ioos:station:wmo:42917,42917.0,42917 - Discoverer Inspiration - Green Canyon 641,http://ndbc.noaa.gov/station_page.php?station=42917,27.359,-90.743,offshore_platform,Unknown,Y,Unknown,N,Chevron,industry,Chevron,GCOOS (info@gcoos.org),"sea_water_temperature,currents",,GCOOS.xlsx,
GCOOS,ioos:station:wmo:42924,42924.0,42924 - ENSCO 8503 - Mississippi Gulf 214,https://www.ndbc.noaa.gov/station_page.php?station=42924,28.785,-88.089,offshore_platform,Unknown,Y,Unknown,N,Deep Gulf Energy,industry,Deep Gulf Energy,GCOOS (info@gcoos.org),"sea_water_temperature,currents",,GCOOS.xlsx,
GCOOS,ioos:station:wmo:42928,42928.0,42928 - ENSCO 8505 - Mississippi Canyon 496,https://www.ndbc.noaa.gov/station_page.php?station=42928,28.933,-88.575,offshore_platform,Unknown,Y,Unknown,N,Marubeni Oil and Gas Inc,industry,Marubeni Oil and Gas Inc,GCOOS (info@gcoos.org),"sea_water_temperature,currents",,GCOOS.xlsx,
GCOOS,ioos:station:wmo:42931,42931.0,42931 - Noble Bob Douglas - Green Canyon 364,https://www.ndbc.noaa.gov/station_page.php?station=42931,27.601,-91.354,offshore_platform,Unknown,N,Unknown,N,ExxonMobil,industry,ExxonMobil,GCOOS (info@gcoos.org),"sea_water_temperature,currents",,GCOOS.xlsx,
GCOOS,ioos:station:wmo:42932,42932.0,42932 - Deepwater Invictus - Green Canyon 653,https://www.ndbc.noaa.gov/station_page.php?station=42932,27.327,-90.148,offshore_platform,Unknown,Y,Unknown,N,BHP Billiton,industry,BHP Billiton,GCOOS (info@gcoos.org),"sea_water_temperature,currents",,GCOOS.xlsx,
GCOOS,ioos:station:wmo:42934,42934.0,42934 - Pacific Sharav - Mississippi Canyon 607,https://www.ndbc.noaa.gov/station_page.php?station=42934,28.367,-88.248,offshore_platform,Unknown,Y,Unknown,N,Chevron,industry,Chevron,GCOOS (info@gcoos.org),"sea_water_temperature,currents",,GCOOS.xlsx,
GCOOS,ioos:station:wmo:42935,42935.0,42935 - Tubular Bells Spar - Green Canyon 724,https://www.ndbc.noaa.gov/station_page.php?station=42935,28.235,-88.995,offshore_platform,Unknown,Y,Unknown,N,Amerada Hess Corporation,industry,Amerada Hess Corporation,GCOOS (info@gcoos.org),"sea_water_temperature,currents",,GCOOS.xlsx,
GCOOS,ioos:station:wmo:42936,42936.0,42936 - Rowan Resolute - MC387,https://www.ndbc.noaa.gov/station_page.php?station=42936,28.599,-88.215,offshore_platform,Unknown,Y,Unknown,N,Anadarko Petroleum Corporation,industry,Anadarko Petroleum Corporation,GCOOS (info@gcoos.org),"sea_water_temperature,currents",,GCOOS.xlsx,
GCOOS,ioos:station:wmo:42937,42937.0,42937 - Maersk Viking - Mississippi Canyon 211,https://www.ndbc.noaa.gov/station_page.php?station=42937,28.784,-88.235,offshore_platform,Unknown,N,Unknown,N,ExxonMobil,industry,ExxonMobil,GCOOS (info@gcoos.org),"sea_water_temperature,currents",,GCOOS.xlsx,
,,,,,,,,,,,, ,,,,,,GCOOS.xlsx,
